date,value
2010-05-26,1000
2010-05-27,1034.9747
2010-05-28,1028.553354
2010-05-31,1029.264045
2010-06-01,1018.792803
2010-06-02,1034.920533
2010-06-03,1046.965021
2010-06-04,1012.595601
2010-06-07,993.02791
2010-06-08,998.100683
2010-06-09,1007.097961
2010-06-10,1036.815822
2010-06-11,1040.838576
2010-06-14,1053.488574
2010-06-15,1073.208675
2010-06-16,1076.137262
2010-06-17,1078.316125
2010-06-18,1081.322006
2010-06-21,1087.145894
2010-06-22,1068.268723
2010-06-23,1061.120431
2010-06-24,1044.414177
2010-06-25,1046.226628
2010-06-28,1048.404008
2010-06-29,1009.53334
2010-06-30,1003.06389
2010-07-01,997.89892
2010-07-02,996.250507
2010-07-05,993.194119
2010-07-06,1008.504896
2010-07-07,1030.453653
2010-07-08,1041.895258
2010-07-09,1050.15583
2010-07-12,1048.934624
2010-07-13,1067.549003
2010-07-14,1071.443951
2010-07-15,1071.180468
2010-07-16,1045.632612
2010-07-19,1045.310077
2010-07-20,1049.258011
2010-07-21,1044.870868
2010-07-22,1071.528537
2010-07-23,1083.243206
2010-07-26,1096.134999
2010-07-27,1089.972681
2010-07-28,1085.259661
2010-07-29,1081.583648
2010-07-30,1079.467019
2010-08-02,1104.366233
2010-08-03,1103.033707
2010-08-04,1106.977341
2010-08-05,1105.319137
2010-08-06,1102.03917
2010-08-09,1109.655256
2010-08-10,1098.190013
2010-08-11,1062.977933
2010-08-12,1056.66589
2010-08-13,1053.658007
2010-08-16,1055.569802
2010-08-17,1071.444132
2010-08-18,1073.42083
2010-08-19,1058.236776
2010-08-20,1048.814196
2010-08-23,1043.556425
2010-08-24,1027.369186
2010-08-25,1025.244899
2010-08-26,1028.566178
2010-08-27,1043.110477
2010-08-30,1034.614283
2010-08-31,1033.93755
2010-09-01,1067.752946
2010-09-02,1077.836732
2010-09-03,1092.040731
2010-09-06,1094.995729
2010-09-07,1082.380925
2010-09-08,1090.640045
2010-09-09,1095.101099
2010-09-10,1100.277728
2010-09-13,1115.032441
2010-09-14,1117.3825
2010-09-15,1119.631312
2010-09-16,1119.465755
2010-09-17,1123.274217
2010-09-20,1141.253481
2010-09-21,1138.385962
2010-09-22,1137.75178
2010-09-23,1128.16994
2010-09-24,1153.797094
2010-09-27,1147.622908
2010-09-28,1155.271807
2010-09-29,1158.124402
2010-09-30,1154.627399
2010-10-01,1157.697256
2010-10-04,1148.627872
2010-10-05,1173.835769
2010-10-06,1175.583993
2010-10-07,1174.463307
2010-10-08,1180.066065
2010-10-11,1179.873381
2010-10-12,1181.549381
2010-10-13,1198.498874
2010-10-14,1202.137297
2010-10-15,1200.588065
2010-10-18,1200.262513
2010-10-19,1181.923325
2010-10-20,1197.189628
2010-10-21,1206.552345
2010-10-22,1204.914754
2010-10-25,1213.355264
2010-10-26,1206.402874
2010-10-27,1198.112017
2010-10-28,1203.640637
2010-10-29,1203.373904
2010-11-01,1207.027042
2010-11-02,1217.397715
2010-11-03,1218.097842
2010-11-04,1245.056606
2010-11-05,1245.8495
2010-11-08,1243.024448
2010-11-09,1238.701341
2010-11-10,1232.562198
2010-11-11,1229.462828
2010-11-12,1219.041954
2010-11-15,1220.573297
2010-11-16,1197.291845
2010-11-17,1201.50957
2010-11-18,1224.058882
2010-11-19,1228.273599
2010-11-22,1229.344945
2010-11-23,1208.967911
2010-11-24,1228.270687
2010-11-25,1230.836585
2010-11-26,1221.200069
2010-11-29,1208.994243
2010-11-30,1204.150003
2010-12-01,1231.175501
2010-12-02,1251.424643
2010-12-03,1261.906992
2010-12-06,1260.538063
2010-12-07,1265.562659
2010-12-08,1257.188949
2010-12-09,1250.186958
2010-12-10,1257.381064
2010-12-13,1267.243679
2010-12-14,1266.488831
2010-12-15,1258.664102
2010-12-16,1260.355323
2010-12-17,1260.61431
2010-12-20,1262.433097
2010-12-21,1274.589362
2010-12-22,1272.870519
2010-12-23,1268.928703
2010-12-24,1270.037128
2010-12-27,1265.367793
2010-12-28,1264.207177
2010-12-29,1269.415358
2010-12-30,1266.503731
2010-12-31,1268.76361
2011-01-03,1280.039526
2011-01-04,1276.030623
2011-01-05,1270.691996
2011-01-06,1267.291744
2011-01-07,1266.089391
2011-01-10,1264.219122
2011-01-11,1272.534923
2011-01-12,1279.022456
2011-01-13,1282.419869
2011-01-14,1285.146714
2011-01-17,1282.321736
2011-01-18,1291.304548
2011-01-19,1279.909548
2011-01-20,1260.064985
2011-01-21,1262.578662
2011-01-24,1268.982479
2011-01-25,1270.839976
2011-01-26,1284.177644
2011-01-27,1288.374167
2011-01-28,1265.558684
2011-01-31,1270.5702
2011-02-01,1291.286932
2011-02-02,1289.949571
2011-02-03,1288.834764
2011-02-04,1291.427674
2011-02-07,1296.871561
2011-02-08,1306.265692
2011-02-09,1306.941949
2011-02-10,1307.151005
2011-02-11,1313.905708
2011-02-14,1317.56599
2011-02-15,1315.229512
2011-02-16,1318.944774
2011-02-17,1320.852599
2011-02-18,1324.504613
2011-02-21,1320.991893
2011-02-22,1298.866719
2011-02-23,1283.176983
2011-02-24,1283.267187
2011-02-25,1300.73192
2011-02-28,1312.066036
2011-03-01,1301.671194
2011-03-02,1301.91151
2011-03-03,1321.689737
2011-03-04,1318.041371
2011-03-07,1310.271181
2011-03-08,1313.892786
2011-03-09,1314.030976
2011-03-10,1291.599494
2011-03-11,1288.865729
2011-03-14,1276.272963
2011-03-15,1250.043258
2011-03-16,1233.75889
2011-03-17,1249.374507
2011-03-18,1259.175048
2011-03-21,1281.37971
2011-03-22,1279.882123
2011-03-23,1282.617729
2011-03-24,1303.050402
2011-03-25,1306.644548
2011-03-28,1299.420749
2011-03-29,1306.649283
2011-03-30,1322.864219
2011-03-31,1324.849621
2011-04-01,1332.971458
2011-04-04,1338.312657
2011-04-05,1338.414422
2011-04-06,1342.560165
2011-04-07,1333.595793
2011-04-08,1338.554744
2011-04-11,1336.336708
2011-04-12,1321.474913
2011-04-13,1332.708728
2011-04-14,1332.165785
2011-04-15,1337.664141
2011-04-18,1316.900648
2011-04-19,1329.530434
2011-04-20,1364.995023
2011-04-21,1376.521157
2011-04-22,1377.122265
2011-04-25,1375.19404
2011-04-26,1382.574247
2011-04-27,1391.093021
2011-04-28,1404.532226
2011-04-29,1412.89518
2011-05-02,1415.299398
2011-05-03,1402.278822
2011-05-04,1388.372348
2011-05-05,1376.347049
2011-05-06,1382.275645
2011-05-09,1379.355338
2011-05-10,1394.369617
2011-05-11,1384.538113
2011-05-12,1379.708462
2011-05-13,1374.207659
2011-05-16,1364.157904
2011-05-17,1353.027657
2011-05-18,1368.889658
2011-05-19,1375.59396
2011-05-20,1368.042296
2011-05-23,1339.185649
2011-05-24,1341.399147
2011-05-25,1344.108482
2011-05-26,1351.265748
2011-05-27,1364.580161
2011-05-30,1364.997989
2011-05-31,1382.974404
2011-06-01,1362.888856
2011-06-02,1356.727708
2011-06-03,1347.743777
2011-06-06,1338.476034
2011-06-07,1341.992054
2011-06-08,1332.750287
2011-06-09,1341.875196
2011-06-10,1320.165369
2011-06-13,1319.142722
2011-06-14,1341.598145
2011-06-15,1316.765749
2011-06-16,1305.74362
2011-06-17,1314.332294
2011-06-20,1321.716459
2011-06-21,1346.387006
2011-06-22,1342.979736
2011-06-23,1331.233176
2011-06-24,1324.02475
2011-06-27,1336.08982
2011-06-28,1354.966245
2011-06-29,1367.399696
2011-06-30,1383.623849
2011-07-01,1396.67572
2011-07-04,1400.797303
2011-07-05,1403.361046
2011-07-06,1404.553701
2011-07-07,1413.723994
2011-07-08,1404.327885
2011-07-11,1374.772604
2011-07-12,1364.718032
2011-07-13,1377.7885
2011-07-14,1366.72758
2011-07-15,1371.033897
2011-07-18,1355.970367
2011-07-19,1383.355147
2011-07-20,1381.081456
2011-07-21,1394.325121
2011-07-22,1395.760615
2011-07-25,1389.520993
2011-07-26,1386.846757
2011-07-27,1359.106668
2011-07-28,1355.27791
2011-07-29,1349.68828
2011-08-01,1337.316596
2011-08-02,1306.538648
2011-08-03,1306.003062
2011-08-04,1245.494419
2011-08-05,1236.005344
2011-08-08,1165.138969
2011-08-09,1208.544412
2011-08-10,1171.330685
2011-08-11,1214.393315
2011-08-12,1232.607217
2011-08-15,1254.32089
2011-08-16,1243.325048
2011-08-17,1245.671076
2011-08-18,1183.026166
2011-08-19,1166.701199
2011-08-22,1165.03213
2011-08-23,1199.014456
2011-08-24,1212.617441
2011-08-25,1193.822629
2011-08-26,1210.087645
2011-08-29,1243.105258
2011-08-30,1248.828232
2011-08-31,1262.972365
2011-09-01,1256.214354
2011-09-02,1233.13544
2011-09-05,1221.485965
2011-09-06,1221.517318
2011-09-07,1250.052909
2011-09-08,1245.14878
2011-09-09,1210.364117
2011-09-12,1207.164323
2011-09-13,1217.941462
2011-09-14,1235.492684
2011-09-15,1253.730237
2011-09-16,1264.593289
2011-09-19,1257.08322
2011-09-20,1267.129107
2011-09-21,1241.369557
2011-09-22,1198.312238
2011-09-23,1203.562113
2011-09-26,1218.408748
2011-09-27,1238.729803
2011-09-28,1219.666928
2011-09-29,1215.517811
2011-09-30,1190.524042
2011-10-03,1162.588518
2011-10-04,1164.157728
2011-10-05,1182.385163
2011-10-06,1206.363433
2011-10-07,1209.694227
2011-10-10,1240.701596
2011-10-11,1244.192921
2011-10-12,1252.920399
2011-10-13,1253.290682
2011-10-14,1271.365885
2011-10-17,1255.84631
2011-10-18,1261.697721
2011-10-19,1251.533179
2011-10-20,1247.537423
2011-10-21,1277.088265
2011-10-24,1291.801345
2011-10-25,1272.641777
2011-10-26,1275.612608
2011-10-27,1311.531522
2011-10-28,1315.513733
2011-10-31,1291.989855
2011-11-01,1259.796119
2011-11-02,1275.804971
2011-11-03,1295.032509
2011-11-04,1292.96188
2011-11-07,1294.718447
2011-11-08,1306.404431
2011-11-09,1271.628018
2011-11-10,1273.873317
2011-11-11,1300.400008
2011-11-14,1287.945555
2011-11-15,1291.252154
2011-11-16,1274.562245
2011-11-17,1256.353432
2011-11-18,1250.656315
2011-11-21,1227.16132
2011-11-22,1232.163786
2011-11-23,1209.099762
2011-11-24,1206.956792
2011-11-25,1204.46435
2011-11-28,1237.628403
2011-11-29,1242.795496
2011-11-30,1285.253025
2011-12-01,1284.576183
2011-12-02,1284.345844
2011-12-05,1289.160123
2011-12-06,1288.914038
2011-12-07,1291.392148
2011-12-08,1276.44233
2011-12-09,1289.769735
2011-12-12,1274.945674
2011-12-13,1269.71748
2011-12-14,1248.44151
2011-12-15,1254.737296
2011-12-16,1255.544083
2011-12-19,1253.424201
2011-12-20,1282.580079
2011-12-21,1280.281608
2011-12-22,1285.200087
2011-12-23,1296.164052
2011-12-26,1296.181788
2011-12-27,1300.735421
2011-12-28,1289.004276
2011-12-29,1299.090366
2011-12-30,1299.162235
2012-01-02,1301.010203
2012-01-03,1311.215134
2012-01-04,1307.734608
2012-01-05,1305.08631
2012-01-06,1300.138412
2012-01-09,1298.328163
2012-01-10,1306.418022
2012-01-11,1297.056844
2012-01-12,1297.573643
2012-01-13,1290.435494
2012-01-16,1293.375574
2012-01-17,1302.175001
2012-01-18,1309.416962
2012-01-19,1308.057727
2012-01-20,1306.100764
2012-01-23,1312.381519
2012-01-24,1307.594149
2012-01-25,1315.398481
2012-01-26,1319.395556
2012-01-27,1313.381888
2012-01-30,1311.345666
2012-01-31,1315.294676
2012-02-01,1332.103624
2012-02-02,1331.624078
2012-02-03,1345.290512
2012-02-06,1343.724951
2012-02-07,1350.895871
2012-02-08,1350.266638
2012-02-09,1358.050635
2012-02-10,1350.688367
2012-02-13,1359.749134
2012-02-14,1360.801095
2012-02-15,1356.310203
2012-02-16,1361.02787
2012-02-17,1367.053724
2012-02-20,1370.924594
2012-02-21,1368.172705
2012-02-22,1367.055703
2012-02-23,1374.225399
2012-02-24,1381.50649
2012-02-27,1382.807382
2012-02-28,1386.903656
2012-02-29,1384.500734
2012-03-01,1393.488424
2012-03-02,1387.555059
2012-03-05,1388.155507
2012-03-06,1366.046091
2012-03-07,1371.579511
2012-03-08,1391.326315
2012-03-09,1393.508035
2012-03-12,1392.134178
2012-03-13,1408.550864
2012-03-14,1405.468581
2012-03-15,1409.123825
2012-03-16,1412.90032
2012-03-19,1418.411317
2012-03-20,1412.301978
2012-03-21,1414.057306
2012-03-22,1408.33025
2012-03-23,1410.844127
2012-03-26,1431.193876
2012-03-27,1428.106916
2012-03-28,1418.874183
2012-03-29,1416.130344
2012-03-30,1419.394915
2012-04-02,1439.321058
2012-04-03,1435.740167
2012-04-04,1413.975411
2012-04-05,1418.582656
2012-04-06,1418.553869
2012-04-09,1411.255109
2012-04-10,1386.155895
2012-04-11,1398.386479
2012-04-12,1412.835281
2012-04-13,1400.237731
2012-04-16,1396.177909
2012-04-17,1415.44666
2012-04-18,1415.968028
2012-04-19,1411.216808
2012-04-20,1417.644212
2012-04-23,1399.061429
2012-04-24,1401.239811
2012-04-25,1420.809776
2012-04-26,1434.829989
2012-04-27,1440.184419
2012-04-30,1434.261605
2012-05-01,1442.170385
2012-05-02,1441.345957
2012-05-03,1433.127789
2012-05-04,1410.816505
2012-05-07,1410.47799
2012-05-08,1392.4697
2012-05-09,1384.29169
2012-05-10,1389.889166
2012-05-11,1391.870353
2012-05-14,1375.40181
2012-05-15,1371.179215
2012-05-16,1365.482898
2012-05-17,1342.114994
2012-05-18,1330.405453
2012-05-21,1348.304405
2012-05-22,1357.605477
2012-05-23,1347.040229
2012-05-24,1353.7311
2012-05-25,1351.564582
2012-05-28,1353.920153
2012-05-29,1364.455854
2012-05-30,1345.492302
2012-05-31,1342.45424
2012-06-01,1306.936926
2012-06-04,1311.394733
2012-06-05,1313.918904
2012-06-06,1341.567124
2012-06-07,1346.479354
2012-06-08,1350.780574
2012-06-11,1343.834227
2012-06-12,1353.47195
2012-06-13,1347.364807
2012-06-14,1356.408948
2012-06-15,1366.258206
2012-06-18,1376.681677
2012-06-19,1390.740477
2012-06-20,1390.376737
2012-06-21,1365.997866
2012-06-22,1370.419687
2012-06-25,1353.785967
2012-06-26,1360.686931
2012-06-27,1365.734749
2012-06-28,1355.990117
2012-06-29,1389.372629
2012-07-02,1397.927781
2012-07-03,1402.886158
2012-07-04,1401.708463
2012-07-05,1399.63717
2012-07-06,1388.588299
2012-07-09,1384.877895
2012-07-10,1381.645026
2012-07-11,1374.236597
2012-07-12,1369.369419
2012-07-13,1388.994227
2012-07-16,1387.346966
2012-07-17,1394.846329
2012-07-18,1407.631716
2012-07-19,1416.004329
2012-07-20,1397.712343
2012-07-23,1378.714484
2012-07-24,1371.666258
2012-07-25,1372.051399
2012-07-26,1405.044504
2012-07-27,1425.833856
2012-07-30,1426.647861
2012-07-31,1415.709804
2012-08-01,1409.691805
2012-08-02,1401.939559
2012-08-03,1425.274418
2012-08-06,1428.042531
2012-08-07,1432.381376
2012-08-08,1430.517839
2012-08-09,1426.317601
2012-08-10,1425.541169
2012-08-13,1425.639439
2012-08-14,1431.246459
2012-08-15,1434.081875
2012-08-16,1441.307198
2012-08-17,1444.002261
2012-08-20,1442.884339
2012-08-21,1442.643826
2012-08-22,1441.45191
2012-08-23,1436.375381
2012-08-24,1442.904154
2012-08-27,1444.564659
2012-08-28,1444.155737
2012-08-29,1445.216699
2012-08-30,1435.79167
2012-08-31,1443.836082
2012-09-03,1446.802794
2012-09-04,1444.126696
2012-09-05,1445.648333
2012-09-06,1470.16902
2012-09-07,1470.504224
2012-09-10,1462.931929
2012-09-11,1466.998215
2012-09-12,1469.585336
2012-09-13,1483.607518
2012-09-14,1490.65605
2012-09-17,1491.281652
2012-09-18,1488.977787
2012-09-19,1493.676874
2012-09-20,1492.584697
2012-09-21,1494.680169
2012-09-24,1489.669829
2012-09-25,1487.016139
2012-09-26,1472.308588
2012-09-27,1484.694428
2012-09-28,1477.900437
2012-10-01,1486.850007
2012-10-02,1487.304439
2012-10-03,1495.370741
2012-10-04,1504.832412
2012-10-05,1509.576662
2012-10-08,1498.781633
2012-10-09,1481.028674
2012-10-10,1475.453961
2012-10-11,1475.588513
2012-10-12,1472.061642
2012-10-15,1481.420578
2012-10-16,1496.694812
2012-10-17,1497.768468
2012-10-18,1494.158582
2012-10-19,1472.663776
2012-10-22,1469.55485
2012-10-23,1449.488863
2012-10-24,1452.567341
2012-10-25,1453.283708
2012-10-26,1451.923153
2012-10-29,1450.607405
2012-10-30,1454.322445
2012-10-31,1453.778043
2012-11-01,1469.004961
2012-11-02,1460.392897
2012-11-05,1458.336375
2012-11-06,1466.330912
2012-11-07,1443.445013
2012-11-08,1429.232419
2012-11-09,1433.122634
2012-11-12,1435.951986
2012-11-13,1438.013757
2012-11-14,1421.154826
2012-11-15,1414.647961
2012-11-16,1421.509418
2012-11-19,1451.798504
2012-11-20,1455.84356
2012-11-21,1458.868042
2012-11-22,1463.681063
2012-11-23,1480.110255
2012-11-26,1477.629659
2012-11-27,1474.436399
2012-11-28,1482.648171
2012-11-29,1490.874594
2012-11-30,1489.516269
2012-12-03,1491.418994
2012-12-04,1490.020943
2012-12-05,1486.620329
2012-12-06,1491.035129
2012-12-07,1491.818441
2012-12-10,1492.490175
2012-12-11,1499.326889
2012-12-12,1499.906522
2012-12-13,1493.165089
2012-12-14,1490.88042
2012-12-17,1500.592841
2012-12-18,1511.105336
2012-12-19,1513.241816
2012-12-20,1516.468945
2012-12-21,1502.979726
2012-12-24,1503.348579
2012-12-25,1504.460962
2012-12-26,1500.731499
2012-12-27,1501.446939
2012-12-28,1491.255959
2012-12-31,1502.699764
2013-01-01,1502.699764
2013-01-02,1538.999818
2013-01-03,1530.203074
2013-01-04,1532.902049
2013-01-07,1527.783769
2013-01-08,1526.750574
2013-01-09,1531.072127
2013-01-10,1540.417351
2013-01-11,1548.30677
2013-01-14,1544.556982
2013-01-15,1544.31508
2013-01-16,1542.87221
2013-01-17,1555.0214
2013-01-18,1552.730385
2013-01-21,1554.288508
2013-01-22,1556.038521
2013-01-23,1556.058112
2013-01-24,1562.969379
2013-01-25,1575.592947
2013-01-28,1569.754082
2013-01-29,1579.266408
2013-01-30,1583.434727
2013-01-31,1577.653263
2013-02-01,1596.019756
2013-02-04,1570.492285
2013-02-05,1578.351141
2013-02-06,1580.59567
2013-02-07,1568.965216
2013-02-08,1582.751549
2013-02-11,1574.591777
2013-02-12,1588.551517
2013-02-13,1591.212267
2013-02-14,1589.854236
2013-02-15,1587.312246
2013-02-18,1588.129027
2013-02-19,1601.535277
2013-02-20,1593.501344
2013-02-21,1569.6459
2013-02-22,1585.532717
2013-02-25,1578.79136
2013-02-26,1570.91579
2013-02-27,1588.073678
2013-02-28,1599.979762
2013-03-01,1599.168216
2013-03-04,1607.612496
2013-03-05,1627.889905
2013-03-06,1626.281259
2013-03-07,1631.654255
2013-03-08,1633.702582
2013-03-11,1636.401003
2013-03-12,1634.805168
2013-03-13,1632.472291
2013-03-14,1646.592164
2013-03-15,1648.536631
2013-03-18,1635.939934
2013-03-19,1632.981524
2013-03-20,1647.132335
2013-03-21,1636.148067
2013-03-22,1647.564018
2013-03-25,1640.419793
2013-03-26,1649.75544
2013-03-27,1644.259705
2013-03-28,1660.579634
2013-03-29,1660.420883
2013-04-01,1654.494589
2013-04-02,1669.073577
2013-04-03,1659.289036
2013-04-04,1652.098636
2013-04-05,1647.897724
2013-04-08,1658.56427
2013-04-09,1657.285254
2013-04-10,1682.592291
2013-04-11,1699.350224
2013-04-12,1692.98645
2013-04-15,1671.60985
2013-04-16,1681.025891
2013-04-17,1659.925237
2013-04-18,1651.498411
2013-04-19,1668.058948
2013-04-22,1670.172137
2013-04-23,1694.391834
2013-04-24,1694.164947
2013-04-25,1703.751749
2013-04-26,1700.500322
2013-04-29,1712.718792
2013-04-30,1717.775706
2013-05-01,1712.208377
2013-05-02,1718.57695
2013-05-03,1741.593839
2013-05-06,1739.457124
2013-05-07,1748.800958
2013-05-08,1766.55851
2013-05-09,1758.737742
2013-05-10,1760.398187
2013-05-13,1765.95442
2013-05-14,1780.796098
2013-05-15,1783.407161
2013-05-16,1776.663436
2013-05-17,1777.95702
2013-05-20,1776.084109
2013-05-21,1777.363414
2013-05-22,1774.847664
2013-05-23,1748.723689
2013-05-24,1748.497455
2013-05-27,1749.222002
2013-05-28,1759.458334
2013-05-29,1742.644196
2013-05-30,1750.425897
2013-05-31,1722.531048
2013-06-03,1704.515453
2013-06-04,1712.124195
2013-06-05,1676.416418
2013-06-06,1681.185263
2013-06-07,1703.22678
2013-06-10,1717.346241
2013-06-11,1713.100331
2013-06-12,1710.269678
2013-06-13,1699.592379
2013-06-14,1706.124494
2013-06-17,1724.404102
2013-06-18,1729.653532
2013-06-19,1730.08177
2013-06-20,1662.781438
2013-06-21,1662.010968
2013-06-24,1641.685261
2013-06-25,1649.644988
2013-06-26,1667.893143
2013-06-27,1688.444127
2013-06-28,1698.072457
2013-07-01,1717.672696
2013-07-02,1720.370144
2013-07-03,1723.481743
2013-07-04,1730.668301
2013-07-05,1732.153967
2013-07-08,1733.413105
2013-07-09,1750.551641
2013-07-10,1758.360309
2013-07-11,1787.128849
2013-07-12,1792.339357
2013-07-15,1792.314163
2013-07-16,1791.738372
2013-07-17,1793.809576
2013-07-18,1797.983387
2013-07-19,1800.971768
2013-07-22,1813.7328
2013-07-23,1807.791578
2013-07-24,1805.284854
2013-07-25,1805.461294
2013-07-26,1796.2558
2013-07-29,1774.135478
2013-07-30,1784.122942
2013-07-31,1777.253419
2013-08-01,1802.651755
2013-08-02,1826.645747
2013-08-05,1820.233005
2013-08-06,1826.556814
2013-08-07,1807.138116
2013-08-08,1809.045529
2013-08-09,1804.12449
2013-08-12,1792.084421
2013-08-13,1797.452452
2013-08-14,1800.359199
2013-08-15,1766.730895
2013-08-16,1767.28538
2013-08-19,1764.531171
2013-08-20,1759.048382
2013-08-21,1749.409083
2013-08-22,1749.515269
2013-08-23,1766.339213
2013-08-26,1766.445807
2013-08-27,1743.788292
2013-08-28,1731.217594
2013-08-29,1733.535403
2013-08-30,1719.607809
2013-09-02,1730.918765
2013-09-03,1745.820412
2013-09-04,1759.738197
2013-09-05,1757.645979
2013-09-06,1761.15135
2013-09-09,1781.585223
2013-09-10,1798.518541
2013-09-11,1806.12332
2013-09-12,1802.445511
2013-09-13,1803.098611
2013-09-16,1818.922322
2013-09-17,1812.639327
2013-09-18,1833.935971
2013-09-19,1854.761694
2013-09-20,1849.365043
2013-09-23,1841.837929
2013-09-24,1841.979581
2013-09-25,1840.456449
2013-09-26,1850.864462
2013-09-27,1857.647177
2013-09-30,1840.35839
2013-10-01,1853.206093
2013-10-02,1847.42836
2013-10-03,1839.381346
2013-10-04,1842.045183
2013-10-07,1823.276819
2013-10-08,1805.813869
2013-10-09,1804.785979
2013-10-10,1836.751464
2013-10-11,1853.462213
2013-10-14,1860.518244
2013-10-15,1858.319836
2013-10-16,1869.514844
2013-10-17,1895.542392
2013-10-18,1906.117491
2013-10-21,1905.394021
2013-10-22,1920.897727
2013-10-23,1914.262928
2013-10-24,1923.347234
2013-10-25,1910.67108
2013-10-28,1918.442593
2013-10-29,1923.460339
2013-10-30,1929.539745
2013-10-31,1919.178145
2013-11-01,1907.513805
2013-11-04,1912.640013
2013-11-05,1907.292415
2013-11-06,1911.234793
2013-11-07,1886.386058
2013-11-08,1893.753207
2013-11-11,1902.958095
2013-11-12,1907.146786
2013-11-13,1908.758529
2013-11-14,1930.210507
2013-11-15,1945.463688
2013-11-18,1948.589757
2013-11-19,1941.48306
2013-11-20,1939.347135
2013-11-21,1949.075062
2013-11-22,1963.571419
2013-11-25,1967.531377
2013-11-26,1965.328708
2013-11-27,1971.539437
2013-11-28,1978.861421
2013-11-29,1975.405905
2013-12-02,1968.628215
2013-12-03,1959.46014
2013-12-04,1946.3696
2013-12-05,1943.30881
2013-12-06,1957.507783
2013-12-09,1968.511454
2013-12-10,1966.498535
2013-12-11,1951.060778
2013-12-12,1944.212352
2013-12-13,1947.708447
2013-12-16,1953.836559
2013-12-17,1953.867401
2013-12-18,1982.192715
2013-12-19,1987.885757
2013-12-20,1997.681657
2013-12-23,2009.274451
2013-12-24,2011.399037
2013-12-25,2011.935558
2013-12-26,2023.780623
2013-12-27,2026.231431
2013-12-30,2025.166354
2013-12-31,2031.718753
2014-01-01,2031.718753
2014-01-02,2015.589431
2014-01-03,2020.548922
2014-01-06,2010.296744
2014-01-07,2020.208384
2014-01-08,2032.531897
2014-01-09,2033.258007
2014-01-10,2045.747404
2014-01-13,2029.205762
2014-01-14,2036.382418
2014-01-15,2043.353922
2014-01-16,2041.354872
2014-01-17,2036.344575
2014-01-20,2034.225489
2014-01-21,2041.854791
2014-01-22,2049.443741
2014-01-23,2027.965981
2014-01-24,1981.211564
2014-01-27,1956.065179
2014-01-28,1974.361696
2014-01-29,1962.663747
2014-01-30,1972.791262
2014-01-31,1964.662868
2014-02-03,1923.182846
2014-02-04,1921.498906
2014-02-05,1929.024416
2014-02-06,1952.370055
2014-02-07,1987.053612
2014-02-10,1996.549771
2014-02-11,2018.668731
2014-02-12,2025.808711
2014-02-13,2034.007107
2014-02-14,2037.038174
2014-02-17,2041.477053
2014-02-18,2060.932596
2014-02-19,2047.616211
2014-02-20,2049.47983
2014-02-21,2057.236317
2014-02-24,2070.882108
2014-02-25,2077.732779
2014-02-26,2070.24503
2014-02-27,2077.230588
2014-02-28,2082.965781
2014-03-03,2056.756774
2014-03-04,2089.896887
2014-03-05,2093.661102
2014-03-06,2099.863752
2014-03-07,2094.038477
2014-03-10,2089.176561
2014-03-11,2083.066822
2014-03-12,2074.334044
2014-03-13,2052.417559
2014-03-14,2030.132606
2014-03-17,2048.041532
2014-03-18,2062.650397
2014-03-19,2049.523442
2014-03-20,2038.158539
2014-03-21,2024.342489
2014-03-24,2007.404724
2014-03-25,2013.669456
2014-03-26,2006.807222
2014-03-27,2003.439471
2014-03-28,2005.359575
2014-03-31,2023.158443
2014-04-01,2049.021964
2014-04-02,2058.201955
2014-04-03,2047.009327
2014-04-04,2023.043156
2014-04-07,1993.272181
2014-04-08,1986.852134
2014-04-09,2008.837979
2014-04-10,1971.601685
2014-04-11,1943.560503
2014-04-14,1947.262626
2014-04-15,1950.337868
2014-04-16,1984.559008
2014-04-17,1996.308345
2014-04-18,1999.230592
2014-04-21,2006.968354
2014-04-22,2019.294726
2014-04-23,2020.28171
2014-04-24,2011.320744
2014-04-25,1992.946808
2014-04-28,1980.372926
2014-04-29,1995.337187
2014-04-30,2010.266785
2014-05-01,2023.185548
2014-05-02,2021.912638
2014-05-05,2028.489558
2014-05-06,2017.848314
2014-05-07,2006.672462
2014-05-08,2006.623022
2014-05-09,2009.070813
2014-05-12,2030.356904
2014-05-13,2039.049576
2014-05-14,2031.802513
2014-05-15,2003.211232
2014-05-16,2000.307439
2014-05-19,2010.580609
2014-05-20,2001.317802
2014-05-21,2018.949009
2014-05-22,2031.427602
2014-05-23,2043.612231
2014-05-26,2051.483461
2014-05-27,2066.028198
2014-05-28,2067.765514
2014-05-29,2078.598494
2014-05-30,2079.198907
2014-06-02,2086.021863
2014-06-03,2084.001708
2014-06-04,2087.257244
2014-06-05,2095.975299
2014-06-06,2107.650182
2014-06-09,2105.079093
2014-06-10,2101.330611
2014-06-11,2099.481175
2014-06-12,2091.142059
2014-06-13,2093.153131
2014-06-16,2094.632169
2014-06-17,2094.651778
2014-06-18,2110.630934
2014-06-19,2119.510791
2014-06-20,2125.722729
2014-06-23,2121.951185
2014-06-24,2110.740548
2014-06-25,2119.138016
2014-06-26,2122.43805
2014-06-27,2127.101474
2014-06-30,2130.8121
2014-07-01,2148.056014
2014-07-02,2145.358474
2014-07-03,2153.012322
2014-07-04,2150.239187
2014-07-07,2136.348957
2014-07-08,2118.498361
2014-07-09,2128.768891
2014-07-10,2117.974612
2014-07-11,2124.401669
2014-07-14,2137.589969
2014-07-15,2127.115249
2014-07-16,2140.745858
2014-07-17,2122.344596
2014-07-18,2144.16526
2014-07-21,2141.210519
2014-07-22,2157.941033
2014-07-23,2163.867382
2014-07-24,2170.820381
2014-07-25,2159.979224
2014-07-28,2156.657733
2014-07-29,2152.202809
2014-07-30,2147.534459
2014-07-31,2110.466681
2014-08-01,2104.067177
2014-08-04,2112.217742
2014-08-05,2095.836724
2014-08-06,2079.230176
2014-08-07,2067.865483
2014-08-08,2078.265816
2014-08-11,2094.610757
2014-08-12,2091.401456
2014-08-13,2105.668197
2014-08-14,2117.131399
2014-08-15,2118.855937
2014-08-18,2134.792854
2014-08-19,2146.83823
2014-08-20,2151.176214
2014-08-21,2157.558352
2014-08-22,2153.155035
2014-08-25,2166.653893
2014-08-26,2170.683158
2014-08-27,2172.644942
2014-08-28,2167.503491
2014-08-29,2174.940284
2014-09-01,2173.120846
2014-09-02,2177.390785
2014-09-03,2183.279022
2014-09-04,2178.289744
2014-09-05,2181.657597
2014-09-08,2176.672654
2014-09-09,2158.677331
2014-09-10,2163.888059
2014-09-11,2165.64362
2014-09-12,2152.972252
2014-09-15,2143.906646
2014-09-16,2157.40061
2014-09-17,2165.001586
2014-09-18,2176.623416
2014-09-19,2169.850861
2014-09-22,2150.069101
2014-09-23,2138.360479
2014-09-24,2151.649732
2014-09-25,2125.25426
2014-09-26,2138.553375
2014-09-29,2138.824798
2014-09-30,2133.101038
2014-10-01,2102.079086
2014-10-02,2087.900368
2014-10-03,2109.644264
2014-10-06,2107.679937
2014-10-07,2078.533392
2014-10-08,2098.744754
2014-10-09,2065.149687
2014-10-10,2028.438833
2014-10-13,1997.745473
2014-10-14,1994.597438
2014-10-15,1966.926024
2014-10-16,1972.564402
2014-10-17,2010.818555
2014-10-20,2027.091445
2014-10-21,2069.443933
2014-10-22,2064.821771
2014-10-23,2089.615536
2014-10-24,2103.614741
2014-10-27,2102.806941
2014-10-28,2128.759907
2014-10-29,2121.117724
2014-10-30,2129.936491
2014-10-31,2149.697909
2014-11-03,2141.027527
2014-11-04,2134.297593
2014-11-05,2148.089549
2014-11-06,2153.712545
2014-11-07,2146.127828
2014-11-10,2156.292911
2014-11-11,2160.292368
2014-11-12,2154.280572
2014-11-13,2153.364367
2014-11-14,2153.577379
2014-11-17,2152.514226
2014-11-18,2178.916189
2014-11-19,2175.471316
2014-11-20,2173.885094
2014-11-21,2187.548534
2014-11-24,2196.651769
2014-11-25,2204.10651
2014-11-26,2217.709643
2014-11-27,2216.345359
2014-11-28,2213.233565
2014-12-01,2197.543258
2014-12-02,2207.967888
2014-12-03,2211.328754
2014-12-04,2210.319484
2014-12-05,2212.463277
2014-12-08,2200.649211
2014-12-09,2198.952975
2014-12-10,2169.50458
2014-12-11,2174.837776
2014-12-12,2156.70305
2014-12-15,2138.8602
2014-12-16,2130.165065
2014-12-17,2151.943959
2014-12-18,2194.472383
2014-12-19,2201.85429
2014-12-22,2203.374104
2014-12-23,2190.859074
2014-12-24,2198.565738
2014-12-25,2198.811055
2014-12-26,2207.813936
2014-12-29,2212.307145
2014-12-30,2198.090604
2014-12-31,2183.412605
2015-01-01,2183.412605
2015-01-02,2177.78023
2015-01-05,2151.195842
2015-01-06,2127.517671
2015-01-07,2146.634204
2015-01-08,2189.677006
2015-01-09,2185.026374
2015-01-12,2176.772482
2015-01-13,2175.361773
2015-01-14,2169.58408
2015-01-15,2168.391884
2015-01-16,2182.81597
2015-01-19,2191.298066
2015-01-20,2201.06095
2015-01-21,2208.085295
2015-01-22,2229.152438
2015-01-23,2228.353763
2015-01-26,2231.759774
2015-01-27,2221.952639
2015-01-28,2205.435032
2015-01-29,2218.212373
2015-01-30,2185.233377
2015-02-02,2197.07907
2015-02-03,2207.312276
2015-02-04,2209.959355
2015-02-05,2228.263353
2015-02-06,2213.275622
2015-02-09,2203.286764
2015-02-10,2225.033174
2015-02-11,2224.406126
2015-02-12,2251.207887
2015-02-13,2258.316015
2015-02-16,2256.843276
2015-02-17,2264.847286
2015-02-18,2273.535819
2015-02-19,2280.392782
2015-02-20,2293.295969
2015-02-23,2301.686555
2015-02-24,2303.325932
2015-02-25,2303.7698
2015-02-26,2306.773031
2015-02-27,2302.587591
2015-03-02,2313.578591
2015-03-03,2303.171422
2015-03-04,2297.224564
2015-03-05,2303.094706
2015-03-06,2277.314906
2015-03-09,2278.106075
2015-03-10,2245.863644
2015-03-11,2247.602179
2015-03-12,2272.152513
2015-03-13,2263.88713
2015-03-16,2293.659938
2015-03-17,2296.550408
2015-03-18,2319.819877
2015-03-19,2322.898466
2015-03-20,2346.602249
2015-03-23,2341.545269
2015-03-24,2336.1614
2015-03-25,2300.600192
2015-03-26,2288.100965
2015-03-27,2299.687356
2015-03-30,2311.053947
2015-03-31,2284.029079
2015-04-01,2274.329067
2015-04-02,2287.14533
2015-04-03,2290.965518
2015-04-06,2304.44119
2015-04-07,2306.405171
2015-04-08,2316.211768
2015-04-09,2322.431711
2015-04-10,2330.81431
2015-04-13,2320.273567
2015-04-14,2326.364784
2015-04-15,2327.767217
2015-04-16,2329.07635
2015-04-17,2305.422523
2015-04-20,2325.926852
2015-04-21,2338.158823
2015-04-22,2345.567987
2015-04-23,2354.26042
2015-04-24,2359.631894
2015-04-27,2351.058484
2015-04-28,2354.819463
2015-04-29,2342.670106
2015-04-30,2304.497381
2015-05-01,2326.769659
2015-05-04,2330.162525
2015-05-05,2302.848663
2015-05-06,2300.644474
2015-05-07,2301.144909
2015-05-08,2330.187844
2015-05-11,2329.569848
2015-05-12,2323.812758
2015-05-13,2330.898507
2015-05-14,2349.616693
2015-05-15,2362.023821
2015-05-18,2368.251525
2015-05-19,2364.767872
2015-05-20,2363.737546
2015-05-21,2372.242401
2015-05-22,2365.851326
2015-05-25,2367.558125
2015-05-26,2337.648604
2015-05-27,2359.579423
2015-05-28,2356.286491
2015-05-29,2345.073842
2015-06-01,2347.202302
2015-06-02,2346.185236
2015-06-03,2352.914077
2015-06-04,2335.093945
2015-06-05,2311.553936
2015-06-08,2300.728802
2015-06-09,2297.417429
2015-06-10,2327.754872
2015-06-11,2337.695547
2015-06-12,2331.615173
2015-06-15,2321.051756
2015-06-16,2327.793581
2015-06-17,2319.376923
2015-06-18,2347.915116
2015-06-19,2347.975552
2015-06-22,2382.204107
2015-06-23,2383.495137
2015-06-24,2368.326041
2015-06-25,2373.769496
2015-06-26,2362.886355
2015-06-29,2313.099562
2015-06-30,2311.958964
2015-07-01,2332.585269
2015-07-02,2331.282391
2015-07-03,2327.380551
2015-07-06,2303.946005
2015-07-07,2296.696113
2015-07-08,2269.891221
2015-07-09,2287.050882
2015-07-10,2321.754088
2015-07-13,2342.822225
2015-07-14,2357.35078
2015-07-15,2359.975861
2015-07-16,2379.59483
2015-07-17,2378.43865
2015-07-20,2387.109373
2015-07-21,2384.854269
2015-07-22,2368.379722
2015-07-23,2378.840633
2015-07-24,2356.727669
2015-07-27,2336.646331
2015-07-28,2345.119022
2015-07-29,2364.590744
2015-07-30,2354.015377
2015-07-31,2369.864381
2015-08-03,2374.78308
2015-08-04,2372.018073
2015-08-05,2369.421364
2015-08-06,2348.501056
2015-08-07,2342.860556
2015-08-10,2366.518208
2015-08-11,2342.56017
2015-08-12,2322.09558
2015-08-13,2328.680813
2015-08-14,2332.966932
2015-08-17,2344.659199
2015-08-18,2338.532389
2015-08-19,2310.88923
2015-08-20,2267.806351
2015-08-21,2210.004483
2015-08-24,2142.17132
2015-08-25,2138.488841
2015-08-26,2184.930577
2015-08-27,2223.816399
2015-08-28,2235.471327
2015-08-31,2216.631049
2015-09-01,2158.451226
2015-09-02,2175.430952
2015-09-03,2186.842956
2015-09-04,2156.736389
2015-09-07,2160.966552
2015-09-08,2181.23552
2015-09-09,2207.024055
2015-09-10,2200.738639
2015-09-11,2211.114102
2015-09-14,2199.530183
2015-09-15,2210.107783
2015-09-16,2228.402352
2015-09-17,2236.689617
2015-09-18,2213.716066
2015-09-21,2207.590473
2015-09-22,2171.720969
2015-09-23,2170.059183
2015-09-24,2150.06569
2015-09-25,2160.932589
2015-09-28,2115.653463
2015-09-29,2075.509422
2015-09-30,2125.368987
2015-10-01,2138.687052
2015-10-02,2160.376684
2015-10-05,2188.368786
2015-10-06,2183.277183
2015-10-07,2177.747794
2015-10-08,2183.718771
2015-10-09,2195.611
2015-10-12,2198.49935
2015-10-13,2195.090878
2015-10-14,2181.710379
2015-10-15,2210.475887
2015-10-16,2224.143267
2015-10-19,2230.717536
2015-10-20,2226.729059
2015-10-21,2226.372307
2015-10-22,2234.432869
2015-10-23,2251.156474
2015-10-26,2258.912548
2015-10-27,2251.825924
2015-10-28,2273.924359
2015-10-29,2265.416337
2015-10-30,2269.550061
2015-11-02,2266.471606
2015-11-03,2258.607197
2015-11-04,2253.228701
2015-11-05,2264.928153
2015-11-06,2249.299034
2015-11-09,2238.149734
2015-11-10,2243.884839
2015-11-11,2256.821571
2015-11-12,2235.982212
2015-11-13,2211.509134
2015-11-16,2226.865949
2015-11-17,2239.558203
2015-11-18,2252.786059
2015-11-19,2266.809045
2015-11-20,2275.190477
2015-11-23,2271.589522
2015-11-24,2260.639605
2015-11-25,2270.926905
2015-11-26,2280.323072
2015-11-27,2278.89211
2015-11-30,2264.396754
2015-12-01,2281.853641
2015-12-02,2274.496024
2015-12-03,2254.12527
2015-12-04,2276.200886
2015-12-07,2281.000994
2015-12-08,2270.831164
2015-12-09,2255.301591
2015-12-10,2251.436987
2015-12-11,2222.845718
2015-12-14,2221.49145
2015-12-15,2233.055874
2015-12-16,2257.787506
2015-12-17,2253.124487
2015-12-18,2227.360284
2015-12-21,2231.921479
2015-12-22,2239.843922
2015-12-23,2254.690063
2015-12-24,2256.833313
2015-12-25,2258.403571
2015-12-28,2261.439246
2015-12-29,2287.199713
2015-12-30,2278.494895
2015-12-31,2258.276602
2016-01-01,2258.276602
2016-01-04,2204.072667
2016-01-05,2206.049446
2016-01-06,2196.951918
2016-01-07,2161.702764
2016-01-08,2145.336259
2016-01-11,2147.67341
2016-01-12,2161.286227
2016-01-13,2139.594351
2016-01-14,2125.810843
2016-01-15,2096.665357
2016-01-18,2087.360199
2016-01-19,2110.751552
2016-01-20,2070.828463
2016-01-21,2077.167439
2016-01-22,2127.499611
2016-01-25,2124.705956
2016-01-26,2134.646412
2016-01-27,2131.418586
2016-01-28,2143.383534
2016-01-29,2177.966652
2016-02-01,2201.256269
2016-02-02,2177.37264
2016-02-03,2163.62691
2016-02-04,2150.883575
2016-02-05,2094.963554
2016-02-08,2052.785349
2016-02-09,2054.613793
2016-02-10,2063.090389
2016-02-11,2044.835715
2016-02-12,2045.266695
2016-02-15,2073.87095
2016-02-16,2088.792099
2016-02-17,2120.437157
2016-02-18,2123.156758
2016-02-19,2126.251538
2016-02-22,2150.593859
2016-02-23,2137.022587
2016-02-24,2125.199535
2016-02-25,2158.312915
2016-02-26,2151.221176
2016-02-29,2142.357603
2016-03-01,2183.501456
2016-03-02,2182.287597
2016-03-03,2182.483751
2016-03-04,2186.508753
2016-03-07,2166.017893
2016-03-08,2163.961801
2016-03-09,2172.554928
2016-03-10,2173.413143
2016-03-11,2210.86969
2016-03-14,2218.876958
2016-03-15,2219.289199
2016-03-16,2222.03124
2016-03-17,2247.879942
2016-03-18,2242.051642
2016-03-21,2240.285145
2016-03-22,2244.382913
2016-03-23,2240.527719
2016-03-24,2232.734876
2016-03-25,2232.772942
2016-03-28,2242.82199
2016-03-29,2259.31977
2016-03-30,2289.787838
2016-03-31,2277.027152
2016-04-01,2265.43453
2016-04-04,2270.127321
2016-04-05,2245.075391
2016-04-06,2260.344604
2016-04-07,2253.138202
2016-04-08,2263.31453
2016-04-11,2260.891126
2016-04-12,2264.715719
2016-04-13,2284.722643
2016-04-14,2292.881335
2016-04-15,2296.702809
2016-04-18,2305.516853
2016-04-19,2317.091447
2016-04-20,2311.315139
2016-04-21,2298.378822
2016-04-22,2272.967615
2016-04-25,2275.942517
2016-04-26,2276.705439
2016-04-27,2278.940622
2016-04-28,2269.55743
2016-04-29,2270.336258
2016-05-02,2289.235773
2016-05-03,2274.704122
2016-05-04,2262.983857
2016-05-05,2257.963439
2016-05-06,2268.553412
2016-05-09,2278.247675
2016-05-10,2303.600428
2016-05-11,2292.484397
2016-05-12,2292.585001
2016-05-13,2279.4137
2016-05-16,2290.541908
2016-05-17,2277.120321
2016-05-18,2272.414774
2016-05-19,2255.453174
2016-05-20,2273.241117
2016-05-23,2266.84842
2016-05-24,2298.646351
2016-05-25,2305.360226
2016-05-26,2315.7268
2016-05-27,2319.946037
2016-05-30,2322.768598
2016-05-31,2320.259809
2016-06-01,2322.598053
2016-06-02,2324.070037
2016-06-03,2340.631388
2016-06-06,2349.43172
2016-06-07,2358.100791
2016-06-08,2368.384624
2016-06-09,2364.250302
2016-06-10,2337.390146
2016-06-13,2317.438915
2016-06-14,2302.442807
2016-06-15,2305.761028
2016-06-16,2299.562168
2016-06-17,2302.829241
2016-06-20,2338.000915
2016-06-21,2344.708457
2016-06-22,2342.669401
2016-06-23,2367.793392
2016-06-24,2281.581121
2016-06-27,2249.249847
2016-06-28,2283.389381
2016-06-29,2326.948246
2016-06-30,2358.194125
2016-07-01,2368.902545
2016-07-04,2372.943754
2016-07-05,2363.498013
2016-07-06,2364.328649
2016-07-07,2363.224902
2016-07-08,2383.835054
2016-07-11,2400.870628
2016-07-12,2405.84877
2016-07-13,2411.667679
2016-07-14,2417.254209
2016-07-15,2407.118685
2016-07-18,2410.984236
2016-07-19,2408.688886
2016-07-20,2421.210105
2016-07-21,2413.926563
2016-07-22,2420.290447
2016-07-25,2417.611795
2016-07-26,2419.932806
2016-07-27,2410.735995
2016-07-28,2421.96419
2016-07-29,2444.957533
2016-08-01,2441.862828
2016-08-02,2431.840322
2016-08-03,2422.462272
2016-08-04,2426.308123
2016-08-05,2429.695368
2016-08-08,2428.156009
2016-08-09,2438.437453
2016-08-10,2443.751299
2016-08-11,2455.607525
2016-08-12,2452.596447
2016-08-15,2453.425512
2016-08-16,2436.279681
2016-08-17,2436.674886
2016-08-18,2449.278239
2016-08-19,2444.804669
2016-08-22,2446.579216
2016-08-23,2454.826934
2016-08-24,2435.16065
2016-08-25,2434.852069
2016-08-26,2431.347983
2016-08-29,2432.427076
2016-08-30,2420.188528
2016-08-31,2409.727237
2016-09-01,2421.120498
2016-09-02,2442.657243
2016-09-05,2444.598942
2016-09-06,2456.154065
2016-09-07,2453.943032
2016-09-08,2444.552825
2016-09-09,2375.089638
2016-09-12,2390.613393
2016-09-13,2359.638777
2016-09-14,2363.463544
2016-09-15,2387.699799
2016-09-16,2374.569669
2016-09-19,2392.308473
2016-09-20,2391.114052
2016-09-21,2415.943216
2016-09-22,2446.895655
2016-09-23,2430.428019
2016-09-26,2419.080746
2016-09-27,2426.473028
2016-09-28,2439.871602
2016-09-29,2430.057707
2016-09-30,2436.699288
2016-10-03,2429.280459
2016-10-04,2406.401059
2016-10-05,2396.98621
2016-10-06,2393.088556
2016-10-07,2377.898071
2016-10-10,2387.072166
2016-10-11,2354.915921
2016-10-12,2357.40622
2016-10-13,2355.898003
2016-10-14,2359.473048
2016-10-17,2351.461453
2016-10-18,2369.338138
2016-10-19,2375.731531
2016-10-20,2364.041323
2016-10-21,2352.868733
2016-10-24,2356.168953
2016-10-25,2344.394366
2016-10-26,2334.459589
2016-10-27,2320.202389
2016-10-28,2322.525781
2016-10-31,2338.04609
2016-11-01,2320.38108
2016-11-02,2303.478856
2016-11-03,2298.435572
2016-11-04,2296.276489
2016-11-07,2331.065375
2016-11-08,2346.673064
2016-11-09,2347.875681
2016-11-10,2318.801648
2016-11-11,2311.988555
2016-11-14,2297.931315
2016-11-15,2316.423835
2016-11-16,2319.495813
2016-11-17,2327.729663
2016-11-18,2317.99719
2016-11-21,2333.061125
2016-11-22,2342.080149
2016-11-23,2341.95274
2016-11-24,2346.137907
2016-11-25,2360.008594
2016-11-28,2354.19102
2016-11-29,2359.926399
2016-11-30,2342.774094
2016-12-01,2334.790369
2016-12-02,2334.696783
2016-12-05,2351.217019
2016-12-06,2363.475487
2016-12-07,2397.542027
2016-12-08,2401.173235
2016-12-09,2398.770167
2016-12-12,2388.329787
2016-12-13,2399.749292
2016-12-14,2385.897729
2016-12-15,2374.128169
2016-12-16,2368.957392
2016-12-19,2372.655971
2016-12-20,2380.97067
2016-12-21,2383.095509
2016-12-22,2380.518847
2016-12-23,2380.973467
2016-12-26,2381.373512
2016-12-27,2387.613431
2016-12-28,2373.353933
2016-12-29,2376.504436
2016-12-30,2374.42403
2017-01-02,2376.698704
2017-01-03,2378.340021
2017-01-04,2400.562859
2017-01-05,2404.421537
2017-01-06,2407.757029
2017-01-09,2398.277464
2017-01-10,2412.299186
2017-01-11,2415.73524
2017-01-12,2419.826578
2017-01-13,2428.103946
2017-01-16,2423.559868
2017-01-17,2411.722192
2017-01-18,2423.505189
2017-01-19,2418.213899
2017-01-20,2426.667687
2017-01-23,2432.32914
2017-01-24,2458.852
2017-01-25,2482.178079
2017-01-26,2488.849429
2017-01-27,2489.820096
2017-01-30,2469.125324
2017-01-31,2463.071956
2017-02-01,2466.490063
2017-02-02,2470.48412
2017-02-03,2489.612475
2017-02-06,2478.390994
2017-02-07,2480.244554
2017-02-08,2485.090038
2017-02-09,2493.016776
2017-02-10,2503.18364
2017-02-13,2515.745291
2017-02-14,2517.316904
2017-02-15,2527.435146
2017-02-16,2531.723458
2017-02-17,2528.569497
2017-02-20,2531.15824
2017-02-21,2537.603706
2017-02-22,2537.618661
2017-02-23,2532.11514
2017-02-24,2522.272383
2017-02-27,2527.703646
2017-02-28,2521.589135
2017-03-01,2553.710294
2017-03-02,2537.699674
2017-03-03,2537.211583
2017-03-06,2533.714546
2017-03-07,2528.090169
2017-03-08,2523.155983
2017-03-09,2515.918942
2017-03-10,2526.47383
2017-03-13,2540.405367
2017-03-14,2529.364479
2017-03-15,2547.678469
2017-03-16,2561.633249
2017-03-17,2563.716286
2017-03-20,2562.650394
2017-03-21,2528.177069
2017-03-22,2530.109912
2017-03-23,2535.533332
2017-03-24,2534.52215
2017-03-27,2528.155277
2017-03-28,2549.468657
2017-03-29,2549.637688
2017-03-30,2563.478896
2017-03-31,2552.984114
2017-04-03,2546.329107
2017-04-04,2548.363514
2017-04-05,2544.259065
2017-04-06,2552.485833
2017-04-07,2551.323532
2017-04-10,2551.620273
2017-04-11,2552.986741
2017-04-12,2540.67954
2017-04-13,2525.728787
2017-04-14,2525.254754
2017-04-17,2548.026323
2017-04-18,2533.241608
2017-04-19,2534.62682
2017-04-20,2556.300487
2017-04-21,2551.078547
2017-04-24,2595.103116
2017-04-25,2620.828927
2017-04-26,2620.528376
2017-04-27,2614.0764
2017-04-28,2607.220096
2017-05-01,2613.517192
2017-05-02,2614.080593
2017-05-03,2607.045601
2017-05-04,2610.309051
2017-05-05,2628.211144
2017-05-08,2623.079308
2017-05-09,2623.00724
2017-05-10,2638.484422
2017-05-11,2633.567237
2017-05-12,2628.993614
2017-05-15,2645.634846
2017-05-16,2653.282705
2017-05-17,2606.686351
2017-05-18,2609.632412
2017-05-19,2633.806718
2017-05-22,2648.275264
2017-05-23,2653.52953
2017-05-24,2657.298983
2017-05-25,2671.996714
2017-05-26,2675.701351
2017-05-29,2677.764801
2017-05-30,2680.947051
2017-05-31,2682.564914
2017-06-01,2693.752571
2017-06-02,2716.453566
2017-06-05,2709.500491
2017-06-06,2703.381371
2017-06-07,2710.162636
2017-06-08,2707.134861
2017-06-09,2677.179591
2017-06-12,2655.05086
2017-06-13,2675.949988
2017-06-14,2676.704835
2017-06-15,2661.007436
2017-06-16,2676.488721
2017-06-19,2703.051696
2017-06-20,2685.253796
2017-06-21,2689.375956
2017-06-22,2689.802319
2017-06-23,2693.663877
2017-06-26,2693.63085
2017-06-27,2670.298056
2017-06-28,2690.294204
2017-06-29,2651.587691
2017-06-30,2649.996109
2017-07-03,2639.391638
2017-07-04,2631.383876
2017-07-05,2647.481343
2017-07-06,2633.752876
2017-07-07,2649.679695
2017-07-10,2665.135591
2017-07-11,2664.774561
2017-07-12,2699.665641
2017-07-13,2699.250524
2017-07-14,2722.761506
2017-07-17,2722.009277
2017-07-18,2725.955799
2017-07-19,2735.404106
2017-07-20,2743.912199
2017-07-21,2734.170822
2017-07-24,2732.675597
2017-07-25,2733.411118
2017-07-26,2738.447016
2017-07-27,2728.172604
2017-07-28,2729.414053
2017-07-31,2729.733889
2017-08-01,2741.351915
2017-08-02,2744.242868
2017-08-03,2751.18044
2017-08-04,2751.929083
2017-08-07,2765.671853
2017-08-08,2761.516906
2017-08-09,2758.98374
2017-08-10,2721.822698
2017-08-11,2723.127926
2017-08-14,2760.007176
2017-08-15,2759.216872
2017-08-16,2774.994052
2017-08-17,2746.011455
2017-08-18,2740.309765
2017-08-21,2743.159524
2017-08-22,2774.573722
2017-08-23,2769.002049
2017-08-24,2764.89145
2017-08-25,2772.792171
2017-08-28,2777.904417
2017-08-29,2777.072487
2017-08-30,2789.922097
2017-08-31,2809.512015
2017-09-01,2813.121213
2017-09-04,2811.010771
2017-09-05,2799.82255
2017-09-06,2801.798093
2017-09-07,2821.626028
2017-09-08,2824.075477
2017-09-11,2857.357697
2017-09-12,2859.350816
2017-09-13,2855.290465
2017-09-14,2848.421795
2017-09-15,2863.929813
2017-09-18,2876.995938
2017-09-19,2879.75277
2017-09-20,2870.097489
2017-09-21,2849.770204
2017-09-22,2853.46042
2017-09-25,2828.248694
2017-09-26,2817.441286
2017-09-27,2831.054641
2017-09-28,2843.821298
2017-09-29,2861.743761
2017-10-02,2866.267822
2017-10-03,2874.095808
2017-10-04,2880.343756
2017-10-05,2883.843433
2017-10-06,2883.735567
2017-10-09,2888.924675
2017-10-10,2904.076002
2017-10-11,2914.37402
2017-10-12,2925.082573
2017-10-13,2935.618682
2017-10-16,2935.752923
2017-10-17,2927.11894
2017-10-18,2935.936925
2017-10-19,2941.629613
2017-10-20,2948.349656
2017-10-23,2944.577867
2017-10-24,2955.715997
2017-10-25,2946.786126
2017-10-26,2956.853715
2017-10-27,2980.860162
2017-10-30,2983.885469
2017-10-31,2999.837432
2017-11-01,2995.654267
2017-11-02,3002.003591
2017-11-03,3014.377032
2017-11-06,3019.121095
2017-11-07,3016.778185
2017-11-08,3025.217742
2017-11-09,2997.548007
2017-11-10,3002.656258
2017-11-13,3002.162572
2017-11-14,3004.971252
2017-11-15,2985.111783
2017-11-16,3014.850853
2017-11-17,3005.188962
2017-11-20,3017.973351
2017-11-21,3039.489187
2017-11-22,3030.331637
2017-11-23,3037.325532
2017-11-24,3051.913194
2017-11-27,3042.510938
2017-11-28,3051.55073
2017-11-29,3007.969577
2017-11-30,3021.235388
2017-12-01,2999.986919
2017-12-04,2955.687073
2017-12-05,2955.826482
2017-12-06,2959.9756
2017-12-07,2979.77276
2017-12-08,2991.559373
2017-12-11,2996.452494
2017-12-12,2990.671042
2017-12-13,2996.248631
2017-12-14,2987.397564
2017-12-15,3006.789653
2017-12-18,3036.899602
2017-12-19,3023.878012
2017-12-20,3020.057365
2017-12-21,3017.424607
2017-12-22,3017.465794
2017-12-25,3019.286407
2017-12-26,3016.97867
2017-12-27,3027.165843
2017-12-28,3034.114173
2017-12-29,3021.191163
2018-01-01,3021.191163
2018-01-02,3034.940395
2018-01-03,3064.998175
2018-01-04,3089.910389
2018-01-05,3120.450074
2018-01-08,3131.670496
2018-01-09,3141.38673
2018-01-10,3133.373325
2018-01-11,3147.222138
2018-01-12,3169.938711
2018-01-15,3178.919264
2018-01-16,3178.38906
2018-01-17,3224.428224
2018-01-18,3224.317227
2018-01-19,3247.489003
2018-01-22,3259.921569
2018-01-23,3268.329224
2018-01-24,3252.756693
2018-01-25,3258.468223
2018-01-26,3299.699487
2018-01-29,3265.857421
2018-01-30,3225.487372
2018-01-31,3231.01683
2018-02-01,3226.450145
2018-02-02,3157.899508
2018-02-05,3052.603977
2018-02-06,3066.543526
2018-02-07,3065.541525
2018-02-08,2958.268821
2018-02-09,2992.829458
2018-02-12,3039.330908
2018-02-13,3052.579335
2018-02-14,3105.701091
2018-02-15,3152.805004
2018-02-16,3161.227437
2018-02-19,3158.068521
2018-02-20,3155.754636
2018-02-21,3144.218938
2018-02-22,3148.196182
2018-02-23,3186.296678
2018-02-26,3217.199498
2018-02-27,3186.10755
2018-02-28,3156.305885
2018-03-01,3101.561634
2018-03-02,3101.439832
2018-03-05,3125.657194
2018-03-06,3147.584248
2018-03-07,3154.045845
2018-03-08,3170.053224
2018-03-09,3220.54033
2018-03-12,3221.192082
2018-03-13,3208.077429
2018-03-14,3200.491123
2018-03-15,3207.524433
2018-03-16,3210.92061
2018-03-19,3171.178297
2018-03-20,3190.516983
2018-03-21,3180.342161
2018-03-22,3104.526857
2018-03-23,3036.974164
2018-03-26,3110.311622
2018-03-27,3062.741326
2018-03-28,3038.439947
2018-03-29,3074.330974
2018-03-30,3077.485191
2018-04-02,3015.688122
2018-04-03,3038.821035
2018-04-04,3057.297195
2018-04-05,3084.868181
2018-04-06,3030.809123
2018-04-09,3049.070654
2018-04-10,3100.2396
2018-04-11,3082.045748
2018-04-12,3112.918168
2018-04-13,3095.207932
2018-04-16,3116.851569
2018-04-17,3166.943929
2018-04-18,3184.13621
2018-04-19,3167.306969
2018-04-20,3145.977497
2018-04-23,3130.684655
2018-04-24,3087.972399
2018-04-25,3070.436304
2018-04-26,3114.634662
2018-04-27,3121.161884
2018-04-30,3109.174204
2018-05-01,3110.452063
2018-05-02,3094.100315
2018-05-03,3106.921836
2018-05-04,3132.733752
2018-05-07,3159.156569
2018-05-08,3169.866421
2018-05-09,3193.59115
2018-05-10,3217.156942
2018-05-11,3229.043233
2018-05-14,3225.626762
2018-05-15,3202.753338
2018-05-16,3213.640235
2018-05-17,3207.339792
2018-05-18,3214.630283
2018-05-21,3239.079059
2018-05-22,3223.710632
2018-05-23,3238.179727
2018-05-24,3244.819992
2018-05-25,3240.979279
2018-05-28,3242.231682
2018-05-29,3216.219739
2018-05-30,3244.668287
2018-05-31,3241.948885
2018-06-01,3281.39451
2018-06-04,3310.217922
2018-06-05,3323.47926
2018-06-06,3346.981672
2018-06-07,3322.233416
2018-06-08,3326.618278
2018-06-11,3332.684932
2018-06-12,3337.466057
2018-06-13,3347.018543
2018-06-14,3358.165163
2018-06-15,3345.598752
2018-06-18,3342.765933
2018-06-19,3313.499595
2018-06-20,3330.775721
2018-06-21,3304.418694
2018-06-22,3294.03515
2018-06-25,3220.461911
2018-06-26,3235.721543
2018-06-27,3205.91674
2018-06-28,3217.62234
2018-06-29,3241.554826
2018-07-02,3231.827986
2018-07-03,3227.016604
2018-07-04,3224.57823
2018-07-05,3247.67457
2018-07-06,3277.472306
2018-07-09,3308.789772
2018-07-10,3321.634057
2018-07-11,3299.981182
2018-07-12,3341.263165
2018-07-13,3343.646093
2018-07-16,3336.930337
2018-07-17,3351.270921
2018-07-18,3360.941605
2018-07-19,3344.367793
2018-07-20,3356.494467
2018-07-23,3351.583877
2018-07-24,3351.078659
2018-07-25,3387.740115
2018-07-26,3382.064396
2018-07-27,3337.498863
2018-07-30,3287.465582
2018-07-31,3291.860636
2018-08-01,3294.487397
2018-08-02,3313.469663
2018-08-03,3317.351619
2018-08-06,3330.402434
2018-08-07,3353.380482
2018-08-08,3351.340554
2018-08-09,3354.214949
2018-08-10,3324.619655
2018-08-13,3313.017607
2018-08-14,3331.424701
2018-08-15,3276.781344
2018-08-16,3298.544308
2018-08-17,3297.591904
2018-08-20,3321.869197
2018-08-21,3335.71901
2018-08-22,3355.440619
2018-08-23,3362.798129
2018-08-24,3401.069111
2018-08-27,3430.85261
2018-08-28,3440.545389
2018-08-29,3465.691301
2018-08-30,3454.24281
2018-08-31,3452.793769
2018-09-03,3452.286845
2018-09-04,3440.40379
2018-09-05,3379.066373
2018-09-06,3363.44163
2018-09-07,3354.324845
2018-09-10,3370.952115
2018-09-11,3385.774782
2018-09-12,3398.107749
2018-09-13,3412.280365
2018-09-14,3422.610779
2018-09-17,3388.614892
2018-09-18,3415.711678
2018-09-19,3402.332749
2018-09-20,3428.465529
2018-09-21,3431.36193
2018-09-24,3440.115271
2018-09-25,3459.627851
2018-09-26,3457.249662
2018-09-27,3460.018396
2018-09-28,3458.851708
2018-10-01,3475.095258
2018-10-02,3446.43311
2018-10-03,3454.378584
2018-10-04,3386.000673
2018-10-05,3356.890532
2018-10-08,3310.895814
2018-10-09,3310.887764
2018-10-10,3164.780777
2018-10-11,3108.663307
2018-10-12,3176.004934
2018-10-15,3138.042868
2018-10-16,3219.37126
2018-10-17,3218.806192
2018-10-18,3167.786785
2018-10-19,3136.772251
2018-10-22,3146.718576
2018-10-23,3096.297019
2018-10-24,2998.474355
2018-10-25,3054.069103
2018-10-26,3002.992387
2018-10-29,2975.692996
2018-10-30,3014.315626
2018-10-31,3078.846604
2018-11-01,3119.498822
2018-11-02,3115.63839
2018-11-05,3110.562867
2018-11-06,3120.027846
2018-11-07,3194.45015
2018-11-08,3185.659077
2018-11-09,3134.73171
2018-11-12,3058.585717
2018-11-13,3060.236789
2018-11-14,3034.410318
2018-11-15,3064.396797
2018-11-16,3057.168015
2018-11-19,2973.38277
2018-11-20,2920.696859
2018-11-21,2944.240749
2018-11-22,2947.747151
2018-11-23,2927.312681
2018-11-26,2978.033686
2018-11-27,2972.288904
2018-11-28,3049.863432
2018-11-29,3054.05257
2018-11-30,3069.684196
2018-12-03,3099.645356
2018-12-04,3037.913463
2018-12-05,3030.519718
2018-12-06,3026.838102
2018-12-07,2976.301731
2018-12-10,2980.334461
2018-12-11,2989.14338
2018-12-12,3012.463773
2018-12-13,3017.561573
2018-12-14,2959.866769
2018-12-17,2893.889827
2018-12-18,2886.007138
2018-12-19,2866.082534
2018-12-20,2819.312194
2018-12-21,2778.56245
2018-12-24,2717.20398
2018-12-25,2708.280216
2018-12-26,2809.741535
2018-12-27,2836.73126
2018-12-28,2839.678801
2018-12-31,2866.873729
2019-01-01,2867.091564
2019-01-02,2849.546955
2019-01-03,2798.273451
2019-01-04,2875.50134
2019-01-07,2897.971787
2019-01-08,2927.674794
2019-01-09,2943.884952
2019-01-10,2952.419458
2019-01-11,2947.151764
2019-01-14,2924.926761
2019-01-15,2961.302727
2019-01-16,2955.844533
2019-01-17,2974.629648
2019-01-18,3005.555625
2019-01-21,3005.174891
2019-01-22,2980.724299
2019-01-23,2995.282069
2019-01-24,2987.216057
2019-01-25,2998.500916
2019-01-28,2974.525854
2019-01-29,2972.399668
2019-01-30,3007.121821
2019-01-31,3047.622485
2019-02-01,3053.575602
2019-02-04,3072.620728
2019-02-05,3086.173873
2019-02-06,3079.717683
2019-02-07,3059.830871
2019-02-08,3068.280929
2019-02-11,3074.188135
2019-02-12,3107.774191
2019-02-13,3112.856866
2019-02-14,3109.938396
2019-02-15,3132.650244
2019-02-18,3139.648421
2019-02-19,3143.870465
2019-02-20,3143.29304
2019-02-21,3146.753575
2019-02-22,3171.089894
2019-02-25,3170.819736
2019-02-26,3176.007679
2019-02-27,3176.83597
2019-02-28,3181.63297
2019-03-01,3198.258612
2019-03-04,3179.709114
2019-03-05,3176.46811
2019-03-06,3159.751249
2019-03-07,3142.97442
2019-03-08,3129.175563
2019-03-11,3166.883793
2019-03-12,3182.102969
2019-03-13,3200.307099
2019-03-14,3204.798519
2019-03-15,3222.321188
2019-03-18,3228.896228
2019-03-19,3235.599457
2019-03-20,3229.268315
2019-03-21,3267.489281
2019-03-22,3215.44494
2019-03-25,3210.316353
2019-03-26,3240.121079
2019-03-27,3224.869367
2019-03-28,3236.243745
2019-03-29,3258.878875
2019-04-01,3280.128226
2019-04-02,3269.726421
2019-04-03,3277.355604
2019-04-04,3258.011055
2019-04-05,3266.995207
2019-04-08,3273.269878
2019-04-09,3263.644858
2019-04-10,3278.220426
2019-04-11,3273.437109
2019-04-12,3280.631883
2019-04-15,3286.254098
2019-04-16,3272.445401
2019-04-17,3257.135632
2019-04-18,3256.382604
2019-04-19,3256.599685
2019-04-22,3261.33318
2019-04-23,3286.815356
2019-04-24,3286.472507
2019-04-25,3287.8495
2019-04-26,3311.275833
2019-04-29,3307.577417
2019-04-30,3332.041349
2019-05-01,3303.240513
2019-05-02,3287.749258
2019-05-03,3310.065869
2019-05-06,3300.956895
2019-05-07,3262.596967
2019-05-08,3267.028912
2019-05-09,3259.806417
2019-05-10,3283.078308
2019-05-13,3231.766084
2019-05-14,3260.46394
2019-05-15,3284.684047
2019-05-16,3328.538068
2019-05-17,3319.070653
2019-05-20,3307.053401
2019-05-21,3323.688324
2019-05-22,3335.520851
2019-05-23,3300.765305
2019-05-24,3315.149282
2019-05-27,3316.696753
2019-05-28,3307.434381
2019-05-29,3273.317209
2019-05-30,3296.294101
2019-05-31,3274.097156
2019-06-03,3262.097863
2019-06-04,3306.102412
2019-06-05,3363.402143
2019-06-06,3388.014215
2019-06-07,3437.65474
2019-06-10,3443.436708
2019-06-11,3434.600502
2019-06-12,3443.357204
2019-06-13,3441.433128
2019-06-14,3431.571705
2019-06-17,3428.941017
2019-06-18,3458.287363
2019-06-19,3476.946252
2019-06-20,3519.742487
2019-06-21,3500.719671
2019-06-24,3506.565424
2019-06-25,3472.751745
2019-06-26,3453.031392
2019-06-27,3460.635454
2019-06-28,3481.420492
2019-07-01,3501.139819
2019-07-02,3523.953004
2019-07-03,3560.930775
2019-07-04,3560.105306
2019-07-05,3538.567353
2019-07-08,3530.622029
2019-07-09,3532.308078
2019-07-10,3549.091724
2019-07-11,3560.316229
2019-07-12,3565.539464
2019-07-15,3575.788195
2019-07-16,3561.655137
2019-07-17,3552.770476
2019-07-18,3555.706125
2019-07-19,3537.659035
2019-07-22,3546.425198
2019-07-23,3550.901606
2019-07-24,3557.19778
2019-07-25,3536.693791
2019-07-26,3559.532075
2019-07-29,3548.644352
2019-07-30,3536.269187
2019-07-31,3505.482676
2019-08-01,3502.732459
2019-08-02,3460.425415
2019-08-05,3373.847907
2019-08-06,3409.922417
2019-08-07,3433.045855
2019-08-08,3504.231604
2019-08-09,3487.460202
2019-08-12,3460.487866
2019-08-13,3492.143257
2019-08-14,3411.918356
2019-08-15,3420.862774
2019-08-16,3464.093679
2019-08-19,3497.079075
2019-08-20,3479.364784
2019-08-21,3516.882549
2019-08-22,3501.59484
2019-08-23,3445.774314
2019-08-26,3474.113091
2019-08-27,3489.216745
2019-08-28,3488.205803
2019-08-29,3520.550202
2019-08-30,3520.092485
2019-09-02,3520.011755
2019-09-03,3504.142046
2019-09-04,3545.441865
2019-09-05,3568.799635
2019-09-06,3570.127785
2019-09-09,3512.013437
2019-09-10,3456.92799
2019-09-11,3469.522633
2019-09-12,3503.499369
2019-09-13,3487.333466
2019-09-16,3459.242628
2019-09-17,3492.548311
2019-09-18,3494.876479
2019-09-19,3506.054138
2019-09-20,3491.691396
2019-09-23,3488.658679
2019-09-24,3475.756927
2019-09-25,3472.009189
2019-09-26,3484.799571
2019-09-27,3455.793503
2019-09-30,3470.457386
2019-10-01,3432.99774
2019-10-02,3368.904525
2019-10-03,3401.934843
2019-10-04,3446.495714
2019-10-07,3443.03156
2019-10-08,3390.97084
2019-10-09,3423.39194
2019-10-10,3436.581515
2019-10-11,3474.393516
2019-10-14,3468.026171
2019-10-15,3487.34074
2019-10-16,3467.642918
2019-10-17,3475.463414
2019-10-18,3456.720983
2019-10-21,3467.7972
2019-10-22,3436.149679
2019-10-23,3432.029491
2019-10-24,3466.667799
2019-10-25,3477.17599
2019-10-28,3489.144375
2019-10-29,3492.196907
2019-10-30,3522.382095
2019-10-31,3504.82085
2019-11-01,3520.974565
2019-11-04,3506.2193
2019-11-05,3481.497797
2019-11-06,3494.585436
2019-11-07,3494.254737
2019-11-08,3502.712694
2019-11-11,3506.080363
2019-11-12,3514.194943
2019-11-13,3531.736696
2019-11-14,3533.709888
2019-11-15,3555.799238
2019-11-18,3565.07141
2019-11-19,3584.243336
2019-11-20,3575.840458
2019-11-21,3552.051156
2019-11-22,3547.412076
2019-11-25,3572.235417
2019-11-26,3600.271029
2019-11-27,3610.291863
2019-11-28,3608.709837
2019-11-29,3598.934831
2019-12-02,3560.391329
2019-12-03,3554.272687
2019-12-04,3573.756844
2019-12-05,3576.679293
2019-12-06,3594.54133
2019-12-09,3587.812942
2019-12-10,3583.868502
2019-12-11,3598.046177
2019-12-12,3598.174784
2019-12-13,3617.268762
2019-12-16,3644.218203
2019-12-17,3641.194598
2019-12-18,3635.019692
2019-12-19,3650.089338
2019-12-20,3676.7952
2019-12-23,3673.482935
2019-12-24,3682.235669
2019-12-25,3682.837178
2019-12-26,3691.64361
2019-12-27,3707.677924
2019-12-30,3688.497965
2019-12-31,3693.08484
2020-01-01,3693.140361
2020-01-02,3708.725818
2020-01-03,3700.277507
2020-01-06,3695.528175
2020-01-07,3689.918943
2020-01-08,3702.128099
2020-01-09,3729.934596
2020-01-10,3735.789808
2020-01-13,3759.881813
2020-01-14,3764.570904
2020-01-15,3792.859564
2020-01-16,3819.232501
2020-01-17,3840.571651
2020-01-20,3841.39795
2020-01-21,3854.213435
2020-01-22,3865.104751
2020-01-23,3859.180963
2020-01-24,3862.413072
2020-01-27,3805.687921
2020-01-28,3830.95829
2020-01-29,3833.809649
2020-01-30,3839.996379
2020-01-31,3791.164249
2020-02-03,3820.757791
2020-02-04,3873.710809
2020-02-05,3880.254487
2020-02-06,3905.352073
2020-02-07,3894.291048
2020-02-10,3918.576509
2020-02-11,3933.131157
2020-02-12,3947.737225
2020-02-13,3959.884549
2020-02-14,3975.862811
2020-02-17,3974.671912
2020-02-18,3966.501246
2020-02-19,3989.600768
2020-02-20,3957.303016
2020-02-21,3933.196151
2020-02-24,3827.85247
2020-02-25,3744.983852
2020-02-26,3729.863822
2020-02-27,3606.443978
2020-02-28,3537.893868
2020-03-02,3672.369386
2020-03-03,3665.984966
2020-03-04,3774.272883
2020-03-05,3718.930671
2020-03-06,3644.157065
2020-03-09,3428.318806
2020-03-10,3492.572552
2020-03-11,3360.653668
2020-03-12,3026.57056
2020-03-13,3185.148446
2020-03-16,2889.686804
2020-03-17,3013.292548
2020-03-18,2838.175223
2020-03-19,2868.868065
2020-03-20,2782.762454
2020-03-23,2692.113789
2020-03-24,2951.540119
2020-03-25,3043.216026
2020-03-26,3208.672712
2020-03-27,3129.158243
2020-03-30,3223.39784
2020-03-31,3155.830524
2020-04-01,3036.761822
2020-04-02,3059.168682
2020-04-03,3032.511104
2020-04-06,3200.100981
2020-04-07,3199.297795
2020-04-08,3267.226268
2020-04-09,3311.525743
2020-04-10,3312.719179
2020-04-13,3314.351197
2020-04-14,3424.394796
2020-04-15,3375.01771
2020-04-16,3426.002485
2020-04-17,3487.770981
2020-04-20,3461.003784
2020-04-21,3352.501609
2020-04-22,3437.824353
2020-04-23,3434.649752
2020-04-24,3459.950136
2020-04-27,3505.770178
2020-04-28,3483.740896
2020-04-29,3534.198968
2020-04-30,3510.729271
2020-05-01,3437.527592
2020-05-04,3457.77935
2020-05-05,3506.880782
2020-05-06,3506.138528
2020-05-07,3537.243705
2020-05-08,3587.668152
2020-05-11,3606.353313
2020-05-12,3574.703435
2020-05-13,3546.880185
2020-05-14,3540.197038
2020-05-15,3570.723785
2020-05-18,3636.28646
2020-05-19,3622.857443
2020-05-20,3670.066435
2020-05-21,3633.083787
2020-05-22,3644.536233
2020-05-25,3660.148101
2020-05-26,3661.382603
2020-05-27,3645.943451
2020-05-28,3687.401669
2020-05-29,3725.02044
2020-06-01,3745.0706
2020-06-02,3766.491588
2020-06-03,3790.339509
2020-06-04,3771.374509
2020-06-05,3812.037123
2020-06-08,3819.407383
2020-06-09,3831.547167
2020-06-10,3865.930879
2020-06-11,3706.489007
2020-06-12,3714.307733
2020-06-15,3754.839139
2020-06-16,3821.689319
2020-06-17,3841.533395
2020-06-18,3840.974197
2020-06-19,3848.742769
2020-06-22,3883.451174
2020-06-23,3913.467061
2020-06-24,3826.964979
2020-06-25,3866.980801
2020-06-26,3816.477862
2020-06-29,3847.070125
2020-06-30,3913.44094
2020-07-01,3931.486796
2020-07-02,3968.462524
2020-07-03,3971.080869
2020-07-06,4050.480947
2020-07-07,4042.134143
2020-07-08,4083.484489
2020-07-09,4087.177442
2020-07-10,4110.663046
2020-07-13,4071.776326
2020-07-14,4105.226708
2020-07-15,4136.053216
2020-07-16,4117.007876
2020-07-17,4143.019832
2020-07-20,4222.001317
2020-07-21,4209.79225
2020-07-22,4232.388326
2020-07-23,4178.201277
2020-07-24,4140.552066
2020-07-27,4211.475144
2020-07-28,4173.869003
2020-07-29,4219.034283
2020-07-30,4203.344895
2020-07-31,4226.068224
2020-08-03,4284.912693
2020-08-04,4286.664519
2020-08-05,4320.328993
2020-08-06,4327.10901
2020-08-07,4307.009092
2020-08-10,4281.395692
2020-08-11,4240.394658
2020-08-12,4330.845348
2020-08-13,4357.821178
2020-08-14,4340.57847
2020-08-17,4404.925068
2020-08-18,4422.791213
2020-08-19,4410.731719
2020-08-20,4421.654939
2020-08-21,4440.717705
2020-08-24,4466.028346
2020-08-25,4475.031821
2020-08-26,4534.610675
2020-08-27,4515.958574
2020-08-28,4524.275948
2020-08-31,4564.482182
2020-09-01,4601.580558
2020-09-02,4640.621665
2020-09-03,4442.375312
2020-09-04,4370.147136
2020-09-07,4388.613915
2020-09-08,4245.177573
2020-09-09,4360.257725
2020-09-10,4302.678033
2020-09-11,4292.542618
2020-09-14,4364.622994
2020-09-15,4412.435012
2020-09-16,4381.459811
2020-09-17,4333.543314
2020-09-18,4318.077448
2020-09-21,4286.527381
2020-09-22,4317.727581
2020-09-23,4237.317655
2020-09-24,4234.248326
2020-09-25,4305.493908
2020-09-28,4373.253882
2020-09-29,4384.978714
2020-09-30,4401.968076
2020-10-01,4443.344785
2020-10-02,4380.521204
2020-10-05,4465.64454
2020-10-06,4403.294061
2020-10-07,4459.352807
2020-10-08,4483.258789
2020-10-09,4542.68757
2020-10-12,4614.837247
2020-10-13,4611.3066
2020-10-14,4597.469669
2020-10-15,4556.339258
2020-10-16,4557.170396
2020-10-19,4502.796281
2020-10-20,4512.447986
2020-10-21,4491.935231
2020-10-22,4464.899016
2020-10-23,4479.802418
2020-10-26,4415.523599
2020-10-27,4427.241196
2020-10-28,4294.162775
2020-10-29,4311.674238
2020-10-30,4243.065644
2020-11-02,4295.279072
2020-11-03,4387.551081
2020-11-04,4503.531557
2020-11-05,4624.001526
2020-11-06,4629.037809
2020-11-09,4545.179908
2020-11-10,4474.595739
2020-11-11,4559.987184
2020-11-12,4543.826341
2020-11-13,4562.649516
2020-11-16,4584.579025
2020-11-17,4574.902827
2020-11-18,4564.416135
2020-11-19,4590.720255
2020-11-20,4584.738258
2020-11-23,4580.28229
2020-11-24,4613.754935
2020-11-25,4646.983012
2020-11-26,4657.373169
2020-11-27,4704.546212
2020-11-30,4703.159019
2020-12-01,4723.942022
2020-12-02,4711.378189
2020-12-03,4727.287643
2020-12-04,4743.764255
2020-12-07,4745.970255
2020-12-08,4766.093285
2020-12-09,4716.880287
2020-12-10,4720.269228
2020-12-11,4721.887338
2020-12-14,4732.623974
2020-12-15,4783.236215
2020-12-16,4802.653578
2020-12-17,4861.734129
2020-12-18,4860.247618
2020-12-21,4846.003006
2020-12-22,4861.954853
2020-12-23,4866.840248
2020-12-24,4882.224252
2020-12-25,4881.341499
2020-12-28,4905.573809
2020-12-29,4908.154969
2020-12-30,4921.963578
2020-12-31,4918.194443
2021-01-01,4918.194443
2021-01-04,4908.773339
2021-01-05,4951.081603
2021-01-06,4970.230714
2021-01-07,5078.048901
2021-01-08,5131.169812
2021-01-11,5075.793484
2021-01-12,5104.779677
2021-01-13,5113.017743
2021-01-14,5099.232849
2021-01-15,5025.702794
2021-01-18,5033.101736
2021-01-19,5068.687586
2021-01-20,5121.987468
2021-01-21,5157.161656
2021-01-22,5148.293897
2021-01-25,5144.165417
2021-01-26,5105.594021
2021-01-27,4969.427831
2021-01-28,5012.557924
2021-01-29,4919.215334
2021-02-01,5003.419039
2021-02-02,5080.277011
2021-02-03,5071.392305
2021-02-04,5115.941743
2021-02-05,5140.489072
2021-02-08,5190.791497
2021-02-09,5185.974734
2021-02-10,5188.245271
2021-02-11,5224.566186
2021-02-12,5259.664428
2021-02-15,5276.562285
2021-02-16,5281.459807
2021-02-17,5225.649535
2021-02-18,5188.116782
2021-02-19,5230.891297
2021-02-22,5145.522879
2021-02-23,5116.040772
2021-02-24,5118.236355
2021-02-25,5034.946784
2021-02-26,4999.431603
2021-03-01,5131.416923
2021-03-02,5082.791304
2021-03-03,4986.533511
2021-03-04,4875.807562
2021-03-05,4895.016835
2021-03-08,4835.892801
2021-03-09,4960.509599
2021-03-10,4977.572089
2021-03-11,5079.172676
2021-03-12,5072.000946
2021-03-15,5097.002263
2021-03-16,5099.767528
2021-03-17,5107.693903
2021-03-18,5050.289651
2021-03-19,5045.655843
2021-03-22,5072.62835
2021-03-23,5023.070668
2021-03-24,4970.879168
2021-03-25,4979.93379
2021-03-26,5065.672787
2021-03-29,5046.300678
2021-03-30,5054.2822
2021-03-31,5102.715366
2021-04-01,5167.448699
2021-04-02,5177.768272
2021-04-05,5233.52958
2021-04-06,5249.688724
2021-04-07,5250.749159
2021-04-08,5301.698954
2021-04-09,5336.18339
2021-04-12,5334.536525
2021-04-13,5378.037773
2021-04-14,5352.249286
2021-04-15,5413.978771
2021-04-16,5432.309172
2021-04-19,5404.058332
2021-04-20,5341.960673
2021-04-21,5369.517253
2021-04-22,5369.631034
2021-04-23,5434.06495
2021-04-26,5467.110091
2021-04-27,5471.704986
2021-04-28,5448.860524
2021-04-29,5449.804228
2021-04-30,5386.671661
2021-05-03,5397.224936
2021-05-04,5324.221454
2021-05-05,5361.944984
2021-05-06,5379.355084
2021-05-07,5443.496367
2021-05-10,5381.605229
2021-05-11,5322.899324
2021-05-12,5198.594677
2021-05-13,5220.43398
2021-05-14,5326.628349
2021-05-17,5304.021305
2021-05-18,5300.593123
2021-05-19,5265.838812
2021-05-20,5342.150136
2021-05-21,5347.918138
2021-05-24,5399.24905
2021-05-25,5419.479342
2021-05-26,5438.257381
2021-05-27,5449.840272
2021-05-28,5466.234656
2021-05-31,5463.182526
2021-06-01,5502.480346
2021-06-02,5498.68337
2021-06-03,5469.314948
2021-06-04,5518.611168
2021-06-07,5527.749848
2021-06-08,5528.496973
2021-06-09,5501.777491
2021-06-10,5504.554953
2021-06-11,5516.126782
2021-06-14,5516.002815
2021-06-15,5511.509085
2021-06-16,5500.595496
2021-06-17,5452.648972
2021-06-18,5351.399996
2021-06-21,5419.821588
2021-06-22,5456.728935
2021-06-23,5464.986635
2021-06-24,5510.552927
2021-06-25,5525.387067
2021-06-28,5518.185767
2021-06-29,5537.556541
2021-06-30,5516.802138
2021-07-01,5530.096053
2021-07-02,5553.006726
2021-07-05,5566.347397
2021-07-06,5529.729398
2021-07-07,5538.407602
2021-07-08,5463.311123
2021-07-09,5550.519876
2021-07-12,5600.525856
2021-07-13,5570.875213
2021-07-14,5564.124106
2021-07-15,5541.283556
2021-07-16,5493.919042
2021-07-19,5399.390432
2021-07-20,5469.567557
2021-07-21,5563.395911
2021-07-22,5583.012578
2021-07-23,5634.043328
2021-07-26,5659.544928
2021-07-27,5605.583253
2021-07-28,5627.062066
2021-07-29,5678.359491
2021-07-30,5646.604176
2021-08-02,5673.972212
2021-08-03,5720.563049
2021-08-04,5734.071826
2021-08-05,5777.531884
2021-08-06,5782.22829
2021-08-09,5809.383376
2021-08-10,5821.371115
2021-08-11,5828.574498
2021-08-12,5838.604793
2021-08-13,5845.625436
2021-08-16,5821.305606
2021-08-17,5760.118033
2021-08-18,5730.129921
2021-08-19,5658.515545
2021-08-20,5687.471255
2021-08-23,5788.889104
2021-08-24,5811.412366
2021-08-25,5838.634151
2021-08-26,5808.847952
2021-08-27,5857.620001
2021-08-30,5874.626676
2021-08-31,5860.62207
2021-09-01,5886.802518
2021-09-02,5923.017437
2021-09-03,5928.486404
2021-09-06,5950.70846
2021-09-07,5936.286124
2021-09-08,5885.389191
2021-09-09,5899.538983
2021-09-10,5893.528269
2021-09-13,5889.982011
2021-09-14,5879.282469
2021-09-15,5914.080606
2021-09-16,5916.057244
2021-09-17,5844.923874
2021-09-20,5706.433448
2021-09-21,5717.094897
2021-09-22,5787.534106
2021-09-23,5880.015697
2021-09-24,5854.124058
2021-09-27,5836.9951
2021-09-28,5683.078564
2021-09-29,5650.750645
2021-09-30,5602.32668
2021-10-01,5615.919863
2021-10-04,5541.965027
2021-10-05,5619.341803
2021-10-06,5584.253023
2021-10-07,5659.268698
2021-10-08,5644.103816
2021-10-11,5621.591587
2021-10-12,5616.785884
2021-10-13,5660.887667
2021-10-14,5768.332632
2021-10-15,5819.80828
2021-10-18,5843.560534
2021-10-19,5881.556604
2021-10-20,5884.593457
2021-10-21,5890.23063
2021-10-22,5912.040724
2021-10-25,5946.795686
2021-10-26,5955.880325
2021-10-27,5935.675908
2021-10-28,6001.806373
2021-10-29,6003.192773
2021-11-01,6040.998656
2021-11-02,6053.143092
2021-11-03,6071.070942
2021-11-04,6073.799349
2021-11-05,6066.555641
2021-11-08,6096.701135
2021-11-09,6060.839835
2021-11-10,5994.547711
2021-11-11,6013.878512
2021-11-12,6057.647747
2021-11-15,6048.200039
2021-11-16,6059.941344
2021-11-17,6028.821215
2021-11-18,6041.152139
2021-11-19,6020.2709
2021-11-22,6001.109987
2021-11-23,5961.462113
2021-11-24,5958.140304
2021-11-25,5967.385344
2021-11-26,5833.793044
2021-11-29,5889.656283
2021-11-30,5785.246654
2021-12-01,5759.570657
2021-12-02,5784.553475
2021-12-03,5702.702294
2021-12-06,5700.810382
2021-12-07,5879.844674
2021-12-08,5892.205626
2021-12-09,5830.146853
2021-12-10,5850.968804
2021-12-13,5789.442638
2021-12-14,5711.085129
2021-12-15,5808.111795
2021-12-16,5780.717077
2021-12-17,5702.698061
2021-12-20,5606.407833
2021-12-21,5710.098858
2021-12-22,5789.287144
2021-12-23,5836.664408
2021-12-24,5837.954608
2021-12-27,5908.09492
2021-12-28,5893.804245
2021-12-29,5905.768047
2021-12-30,5888.844757
2021-12-31,5880.379368
2022-01-03,5850.668613
2022-01-04,5847.78625
2022-01-05,5717.813126
2022-01-06,5667.75205
2022-01-07,5641.449811
2022-01-10,5601.560429
2022-01-11,5656.761429
2022-01-12,5704.322841
2022-01-13,5605.304816
2022-01-14,5556.244356
2022-01-17,5577.476818
2022-01-18,5456.228343
2022-01-19,5404.996562
2022-01-20,5392.866468
2022-01-21,5280.633781
2022-01-24,5216.56878
2022-01-25,5154.346452
2022-01-26,5182.754891
2022-01-27,5133.770128
2022-01-28,5213.867642
2022-01-31,5341.120645
2022-02-01,5406.935804
2022-02-02,5484.007797
2022-02-03,5363.284422
2022-02-04,5376.721489
2022-02-07,5379.389773
2022-02-08,5390.858041
2022-02-09,5516.278714
2022-02-10,5458.317427
2022-02-11,5330.128413
2022-02-14,5251.649297
2022-02-15,5343.625222
2022-02-16,5355.890817
2022-02-17,5232.528573
2022-02-18,5172.407254
2022-02-21,5147.256398
2022-02-22,5120.613491
2022-02-23,5042.550717
2022-02-24,5062.624887
2022-02-25,5204.643434
2022-02-28,5207.290304
2022-03-01,5132.327902
2022-03-02,5199.949173
2022-03-03,5143.435058
2022-03-04,5029.706168
2022-03-07,4879.262511
2022-03-08,4824.449744
2022-03-09,5034.876433
2022-03-10,5001.712744
2022-03-11,4944.984283
2022-03-14,4916.42198
2022-03-15,4989.844324
2022-03-16,5167.944391
2022-03-17,5267.424554
2022-03-18,5345.90383
2022-03-21,5346.282567
2022-03-22,5406.482564
2022-03-23,5344.502951
2022-03-24,5389.273746
2022-03-25,5385.540162
2022-03-28,5417.25178
2022-03-29,5526.892984
2022-03-30,5498.033377
2022-03-31,5419.733239
2022-04-01,5414.708029
2022-04-04,5476.349247
2022-04-05,5402.793669
2022-04-06,5293.842364
2022-04-07,5299.121288
2022-04-08,5282.806032
2022-04-11,5196.166826
2022-04-12,5167.154024
2022-04-13,5216.204449
2022-04-14,5164.816961
2022-04-15,5163.247261
2022-04-18,5158.202562
2022-04-19,5198.788939
2022-04-20,5230.634866
2022-04-21,5158.555127
2022-04-22,5005.704035
2022-04-25,4994.272452
2022-04-26,4855.015306
2022-04-27,4847.126097
2022-04-28,4945.673755
2022-04-29,4852.627016
2022-05-02,4858.862524
2022-05-03,4884.980705
2022-05-04,4965.325188
2022-05-05,4826.527706
2022-05-06,4763.832294
2022-05-09,4567.417757
2022-05-10,4583.524054
2022-05-11,4543.286208
2022-05-12,4507.944311
2022-05-13,4645.866237
2022-05-16,4615.839023
2022-05-17,4725.900653
2022-05-18,4573.079021
2022-05-19,4555.665508
2022-05-20,4569.729326
2022-05-23,4656.74591
2022-05-24,4599.430407
2022-05-25,4634.22419
2022-05-26,4733.153832
2022-05-27,4865.023673
2022-05-30,4910.673899
2022-05-31,4850.686154
2022-06-01,4819.273207
2022-06-02,4862.352902
2022-06-03,4825.312677
2022-06-06,4832.535765
2022-06-07,4861.502297
2022-06-08,4839.913518
2022-06-09,4750.481837
2022-06-10,4639.502356
2022-06-13,4498.880185
2022-06-14,4455.468622
2022-06-15,4482.985876
2022-06-16,4409.29386
2022-06-17,4369.342306
2022-06-20,4393.435259
2022-06-21,4479.286016
2022-06-22,4460.415643
2022-06-23,4447.81522
2022-06-24,4542.289553
2022-06-27,4576.332523
2022-06-28,4534.241557
2022-06-29,4521.673893
2022-06-30,4479.782941
2022-07-01,4475.539897
2022-07-04,4497.781625
2022-07-05,4443.036698
2022-07-06,4444.013006
2022-07-07,4505.005478
2022-07-08,4515.988092
2022-07-11,4484.622904
2022-07-12,4448.784886
2022-07-13,4442.401774
2022-07-14,4391.883324
2022-07-15,4457.678099
2022-07-18,4478.312795
2022-07-19,4548.666403
2022-07-20,4559.827532
2022-07-21,4578.765193
2022-07-22,4582.204637
2022-07-25,4593.448103
2022-07-26,4577.44926
2022-07-27,4633.391901
2022-07-28,4696.105416
2022-07-29,4744.468587
2022-08-01,4758.039776
2022-08-02,4718.475732
2022-08-03,4707.62915
2022-08-04,4706.930949
2022-08-05,4688.007171
2022-08-08,4709.918832
2022-08-09,4705.665826
2022-08-10,4783.382754
2022-08-11,4774.721731
2022-08-12,4811.875308
2022-08-15,4826.467622
2022-08-16,4830.171344
2022-08-17,4819.717023
2022-08-18,4832.431423
2022-08-19,4791.901337
2022-08-22,4746.34788
2022-08-23,4741.663114
2022-08-24,4753.91825
2022-08-25,4786.645517
2022-08-26,4699.918645
2022-08-29,4647.578437
2022-08-30,4598.353607
2022-08-31,4559.348261
2022-09-01,4504.42679
2022-09-02,4516.320991
2022-09-05,4498.79832
2022-09-06,4473.464491
2022-09-07,4490.293441
2022-09-08,4530.29672
2022-09-09,4617.788966
2022-09-12,4671.280052
2022-09-13,4531.687636
2022-09-14,4529.326843
2022-09-15,4485.720624
2022-09-16,4458.00547
2022-09-19,4468.01579
2022-09-20,4433.954807
2022-09-21,4390.158498
2022-09-22,4359.9372
2022-09-23,4259.904158
2022-09-26,4201.604739
2022-09-27,4197.286942
2022-09-28,4257.39345
2022-09-29,4221.44074
2022-09-30,4189.136645
2022-10-03,4262.830221
2022-10-04,4395.648174
2022-10-05,4368.056373
2022-10-06,4333.90143
2022-10-07,4253.077009
2022-10-10,4218.267247
2022-10-11,4198.152681
2022-10-12,4184.681672
2022-10-13,4246.855691
2022-10-14,4199.910579
2022-10-17,4270.271411
2022-10-18,4306.929786
2022-10-19,4292.026498
2022-10-20,4282.450067
2022-10-21,4321.32836
2022-10-24,4390.419586
2022-10-25,4463.985762
2022-10-26,4484.065802
2022-10-27,4467.955594
2022-10-28,4512.776823
2022-10-31,4495.387764
2022-11-01,4499.90997
2022-11-02,4460.865857
2022-11-03,4423.903206
2022-11-04,4477.660344
2022-11-07,4526.967793
2022-11-08,4572.472691
2022-11-09,4498.800579
2022-11-10,4678.235769
2022-11-11,4694.303563
2022-11-14,4685.054069
2022-11-15,4714.862213
2022-11-16,4691.987994
2022-11-17,4676.106107
2022-11-18,4709.568273
2022-11-21,4691.710412
2022-11-22,4760.966904
2022-11-23,4798.89393
2022-11-24,4822.92778
2022-11-25,4820.315029
2022-11-28,4776.00008
2022-11-29,4761.391732
2022-11-30,4818.294574
2022-12-01,4860.853027
2022-12-02,4854.428914
2022-12-05,4805.998612
2022-12-06,4761.035101
2022-12-07,4763.13242
2022-12-08,4779.246135
2022-12-09,4748.196428
2022-12-12,4773.695493
2022-12-13,4811.357136
2022-12-14,4809.505537
2022-12-15,4708.098509
2022-12-16,4664.947258
2022-12-19,4643.166812
2022-12-20,4666.54931
2022-12-21,4723.356039
2022-12-22,4673.163901
2022-12-23,4688.101686
2022-12-26,4687.783474
2022-12-27,4684.622124
2022-12-28,4639.684849
2022-12-29,4675.507285
2022-12-30,4663.700829
2023-01-02,4674.777054
2023-01-03,4629.967224
2023-01-04,4636.168175
2023-01-05,4596.786227
2023-01-06,4686.63233
2023-01-09,4702.103588
2023-01-10,4708.517418
2023-01-11,4739.28639
2023-01-12,4776.944966
2023-01-13,4814.33892
2023-01-16,4809.545414
2023-01-17,4812.72622
2023-01-18,4785.602521
2023-01-19,4739.048577
2023-01-20,4780.085188
2023-01-23,4811.271309
2023-01-24,4827.460917
2023-01-25,4833.55326
2023-01-26,4851.314485
2023-01-27,4841.520761
2023-01-30,4811.687351
2023-01-31,4844.021941
2023-02-01,4853.189419
2023-02-02,4837.688102
2023-02-03,4814.903003
2023-02-06,4782.918022
2023-02-07,4819.739839
2023-02-08,4811.733669
2023-02-09,4815.862035
2023-02-10,4825.244365
2023-02-13,4865.886876
2023-02-14,4867.997959
2023-02-15,4847.894045
2023-02-16,4817.70376
2023-02-17,4805.126486
2023-02-20,4810.595202
2023-02-21,4769.991866
2023-02-22,4749.02303
2023-02-23,4776.099671
2023-02-24,4722.974462
2023-02-27,4759.278917
2023-02-28,4730.997639
2023-03-01,4744.349539
2023-03-02,4761.105698
2023-03-03,4814.206979
2023-03-06,4830.937953
2023-03-07,4768.334292
2023-03-08,4761.799633
2023-03-09,4737.192061
2023-03-10,4693.222885
2023-03-13,4649.21453
2023-03-14,4678.21606
2023-03-15,4579.969437
2023-03-16,4636.753993
2023-03-17,4597.47904
2023-03-20,4658.076207
2023-03-21,4715.837823
2023-03-22,4694.81385
2023-03-23,4698.617344
2023-03-24,4685.746873
2023-03-27,4716.92083
2023-03-28,4742.322538
2023-03-29,4788.052909
2023-03-30,4826.52882
2023-03-31,4862.273007
2023-04-03,4904.477797
2023-04-04,4879.686987
2023-04-05,4874.920772
2023-04-06,4879.146376
2023-04-07,4878.671989
2023-04-10,4871.89504
2023-04-11,4899.849987
2023-04-12,4918.282321
2023-04-13,4959.78704
2023-04-14,4957.191513
2023-04-17,4940.663545
2023-04-18,4962.834044
2023-04-19,4947.102141
2023-04-20,4943.293882
2023-04-21,4944.666804
2023-04-24,4963.498725
2023-04-25,4921.556274
2023-04-26,4876.413033
2023-04-27,4914.20252
2023-04-28,4940.324143
2023-05-01,4951.818658
2023-05-02,4888.337684
2023-05-03,4881.380736
2023-05-04,4853.054719
2023-05-05,4926.652936
2023-05-08,4946.073686
2023-05-09,4937.017808
2023-05-10,4938.475899
2023-05-11,4919.519839
2023-05-12,4919.015601
2023-05-15,4931.932775
2023-05-16,4892.797549
2023-05-17,4916.919856
2023-05-18,4931.651086
2023-05-19,4946.84
2023-05-22,4953.81696
2023-05-23,4916.188842
2023-05-24,4864.098737
2023-05-25,4872.13629
2023-05-26,4891.418173
2023-05-29,4898.922219
2023-05-30,4881.785094
2023-05-31,4831.188141
2023-06-01,4895.349121
2023-06-02,4948.808078
2023-06-05,4944.400637
2023-06-06,4945.516695
2023-06-07,4908.11332
2023-06-08,4945.892937
2023-06-09,4952.667213
2023-06-12,4988.228707
2023-06-13,5038.987202
2023-06-14,5080.956924
2023-06-15,5107.261465
2023-06-16,5108.218741
2023-06-19,5092.144856
2023-06-20,5073.325437
2023-06-21,5064.130823
2023-06-22,5069.119978
2023-06-23,5003.948221
2023-06-26,4989.60406
2023-06-27,5037.009708
2023-06-28,5045.087736
2023-06-29,5050.883756
2023-06-30,5115.881789
2023-07-03,5106.38887
2023-07-04,5097.41514
2023-07-05,5070.804389
2023-07-06,4997.188332
2023-07-07,5000.695987
2023-07-10,5028.291763
2023-07-11,5043.848178
2023-07-12,5125.213965
2023-07-13,5190.621277
2023-07-14,5207.653414
2023-07-17,5203.348987
2023-07-18,5235.233832
2023-07-19,5213.527484
2023-07-20,5180.190107
2023-07-21,5168.418228
2023-07-24,5166.8381
2023-07-25,5194.426448
2023-07-26,5156.610555
2023-07-27,5173.690328
2023-07-28,5216.069657
2023-07-31,5217.632682
2023-08-01,5180.718059
2023-08-02,5095.103069
2023-08-03,5071.057309
2023-08-04,5087.767318
2023-08-07,5108.272124
2023-08-08,5096.165269
2023-08-09,5082.87731
2023-08-10,5105.139723
2023-08-11,5065.707662
2023-08-14,5077.832182
2023-08-15,5057.985242
2023-08-16,5019.482047
2023-08-17,4962.632256
2023-08-18,4956.335018
2023-08-21,4986.70642
2023-08-22,4995.05493
2023-08-23,5045.630405
2023-08-24,4996.970783
2023-08-25,4985.29828
2023-08-28,5043.07187
2023-08-29,5106.505758
2023-08-30,5136.221047
2023-08-31,5115.49504
2023-09-01,5113.941143
2023-09-04,5116.535909
2023-09-05,5077.398455
2023-09-06,5053.868693
2023-09-07,5036.44601
2023-09-08,5042.442031
2023-09-11,5080.816358
2023-09-12,5048.895706
2023-09-13,5046.823398
2023-09-14,5087.475278
2023-09-15,5047.411633
2023-09-18,5039.392683
2023-09-19,5028.964525
2023-09-20,5022.844817
2023-09-21,4933.047807
2023-09-22,4929.001731
2023-09-25,4906.357337
2023-09-26,4864.258937
2023-09-27,4855.591338
2023-09-28,4884.703518
2023-09-29,4882.384545
2023-10-02,4849.928487
2023-10-03,4778.290373
2023-10-04,4798.422091
2023-10-05,4821.687608
2023-10-06,4876.914096
2023-10-09,4880.57896
2023-10-10,4961.969069
2023-10-11,4991.493554
2023-10-12,4975.804195
2023-10-13,4923.011457
2023-10-16,4952.421045
2023-10-17,4959.682124
2023-10-18,4896.622643
2023-10-19,4855.452034
2023-10-20,4801.455523
2023-10-23,4817.183527
2023-10-24,4840.286725
2023-10-25,4826.350083
2023-10-26,4753.430848
2023-10-27,4747.682854
2023-10-30,4786.976882
2023-10-31,4788.045599
2023-11-01,4854.649957
2023-11-02,4954.816117
2023-11-03,5012.240638
2023-11-06,5041.231953
2023-11-07,5037.552467
2023-11-08,5059.798335
2023-11-09,5061.236695
2023-11-10,5085.570989
2023-11-13,5101.861498
2023-11-14,5198.025594
2023-11-15,5209.499716
2023-11-16,5225.592522
2023-11-17,5253.235871
2023-11-20,5296.29293
2023-11-21,5278.976327
2023-11-22,5280.183537
2023-11-23,5293.092587
2023-11-24,5300.704507
2023-11-27,5294.648938
2023-11-28,5291.907495
2023-11-29,5294.271639
2023-11-30,5298.975379
2023-12-01,5315.046871
2023-12-04,5260.97985
2023-12-05,5251.208009
2023-12-06,5254.479539
2023-12-07,5289.69124
2023-12-08,5296.045926
2023-12-11,5334.165438
2023-12-12,5372.780206
2023-12-13,5403.225766
2023-12-14,5406.569145
2023-12-15,5414.399527
2023-12-18,5407.184899
2023-12-19,5442.96379
2023-12-20,5405.859757
2023-12-21,5439.122086
2023-12-22,5444.199312
2023-12-25,5445.446694
2023-12-26,5464.963977
2023-12-27,5500.866534
2023-12-28,5507.317159
2023-12-29,5498.72966
2024-01-01,5498.72966
2024-01-02,5411.423842
2024-01-03,5354.304278
2024-01-04,5359.104858
2024-01-05,5392.803719
2024-01-08,5469.952922
2024-01-09,5476.628063
2024-01-10,5519.318862
2024-01-11,5557.964911
2024-01-12,5597.935558
2024-01-15,5606.205548
2024-01-16,5584.223348
2024-01-17,5547.150005
2024-01-18,5605.74954
2024-01-19,5699.132497
2024-01-22,5755.483743
2024-01-23,5728.638154
2024-01-24,5798.195339
2024-01-25,5798.679613
2024-01-26,5733.185902
2024-01-29,5797.6551
2024-01-30,5803.572986
2024-01-31,5801.332572
2024-02-01,5835.661551
2024-02-02,5872.712112
2024-02-05,5901.408106
2024-02-06,5892.744001
2024-02-07,5963.852993
2024-02-08,5972.463069
2024-02-09,6037.875529
2024-02-12,6016.092178
2024-02-13,5991.808493
2024-02-14,6040.431692
2024-02-15,6065.618534
2024-02-16,6070.993517
2024-02-19,6087.751207
2024-02-20,6043.033227
2024-02-21,5994.231065
2024-02-22,6180.290288
2024-02-23,6186.772901
2024-02-26,6219.362814
2024-02-27,6208.902334
2024-02-28,6186.159436
2024-02-29,6238.57831
2024-03-01,6357.264734
2024-03-04,6395.88587
2024-03-05,6340.754725
2024-03-06,6396.84162
2024-03-07,6498.426855
2024-03-08,6439.186969
2024-03-11,6339.111809
2024-03-12,6412.768096
2024-03-13,6390.679309
2024-03-14,6379.427425
2024-03-15,6317.233241
2024-03-18,6375.216327
2024-03-19,6403.813437
2024-03-20,6431.864113
2024-03-21,6543.504883
2024-03-22,6557.245083
2024-03-25,6529.462956
2024-03-26,6514.351882
2024-03-27,6525.772079
2024-03-28,6509.518172
2024-03-29,6523.479231
2024-04-01,6475.354689
2024-04-02,6440.448662
2024-04-03,6472.354716
2024-04-04,6442.841127
2024-04-05,6467.582449
2024-04-08,6476.947228
2024-04-09,6461.223683
2024-04-10,6408.07247
2024-04-11,6448.8223
2024-04-12,6394.989065
2024-04-15,6328.171956
2024-04-16,6278.463246
2024-04-17,6203.844241
2024-04-18,6184.122958
2024-04-19,6043.558157
2024-04-22,6095.694867
2024-04-23,6207.932654
2024-04-24,6221.092589
2024-04-25,6186.348807
2024-04-26,6251.684495
2024-04-29,6262.816913
2024-04-30,6223.70179
2024-05-01,6163.456339
2024-05-02,6231.466767
2024-05-03,6331.161233
2024-05-06,6395.739456
2024-05-07,6410.623252
2024-05-08,6369.55327
2024-05-09,6373.661347
2024-05-10,6401.157719
2024-05-13,6392.537589
2024-05-14,6421.501147
2024-05-15,6551.804779
2024-05-16,6523.952177
2024-05-17,6517.681044
2024-05-20,6571.988359
2024-05-21,6586.531537
2024-05-22,6553.342031
2024-05-23,6601.71424
2024-05-24,6635.094519
2024-05-27,6661.819696
2024-05-28,6684.001439
2024-05-29,6620.955003
2024-05-30,6559.214658
2024-05-31,6567.68479
2024-06-03,6603.518732
2024-06-04,6589.164473
2024-06-05,6641.781283
2024-06-06,6650.007029
2024-06-07,6636.210874
2024-06-10,6693.43739
2024-06-11,6670.788814
2024-06-12,6790.93723
2024-06-13,6765.335053
2024-06-14,6725.424295
2024-06-17,6744.251185
2024-06-18,6819.266833
2024-06-19,6831.364386
2024-06-20,6778.569994
2024-06-21,6717.381788
2024-06-24,6685.437796
2024-06-25,6760.775777
2024-06-26,6745.115287
2024-06-27,6739.544296
2024-06-28,6749.454854
2024-07-01,6762.627848
2024-07-02,6800.867441
2024-07-03,6875.255229
2024-07-04,6909.28066
2024-07-05,6898.960171
2024-07-08,6925.032349
2024-07-09,6927.145113
2024-07-10,6998.956325
2024-07-11,6980.697774
2024-07-12,7009.123297
2024-07-15,7009.498193
2024-07-16,7036.887753
2024-07-17,6868.864685
2024-07-18,6784.783085
2024-07-19,6734.281332
2024-07-22,6811.108187
2024-07-23,6845.1744
2024-07-24,6685.602922
2024-07-25,6558.37148
2024-07-26,6614.731445
2024-07-29,6638.716185
2024-07-30,6565.149452
2024-07-31,6800.62787
2024-08-01,6612.627597
2024-08-02,6341.094377
2024-08-05,6051.069999
2024-08-06,6241.33018
2024-08-07,6233.110654
2024-08-08,6326.163573
2024-08-09,6404.104749
2024-08-12,6404.028389
2024-08-13,6570.860743
2024-08-14,6635.031981
2024-08-15,6725.82229
2024-08-16,6796.498371
2024-08-19,6840.658695
2024-08-20,6844.243728
2024-08-21,6869.620646
2024-08-22,6813.272431
2024-08-23,6887.155704
2024-08-26,6829.887316
2024-08-27,6850.397412
2024-08-28,6834.014725
2024-08-29,6819.152917
2024-08-30,6887.847859
2024-09-02,6877.306439
2024-09-03,6720.30598
2024-09-04,6620.730387
2024-09-05,6566.288389
2024-09-06,6469.158664
2024-09-09,6507.949219
2024-09-10,6516.145187
2024-09-11,6608.292942
2024-09-12,6715.430731
2024-09-13,6784.210582
2024-09-16,6783.780542
2024-09-17,6762.821881
2024-09-18,6737.010973
2024-09-19,6911.510603
2024-09-20,6896.322802
2024-09-23,6918.183463
2024-09-24,6962.728769
2024-09-25,6963.149626
2024-09-26,7053.387351
2024-09-27,7064.140284
2024-09-30,6985.368572
2024-10-01,6943.393186
2024-10-02,6911.272638
2024-10-03,6892.795295
2024-10-04,6899.146002
2024-10-07,6902.114931
2024-10-08,6945.3414
2024-10-09,6978.24925
2024-10-10,6961.916737
2024-10-11,7013.328761
2024-10-14,7056.889454
2024-10-15,7034.402435
2024-10-16,7054.164917
2024-10-17,7067.868235
2024-10-18,7091.472231
2024-10-21,7066.672573
2024-10-22,7019.893049
2024-10-23,6969.163383
2024-10-24,6968.8896
2024-10-25,6947.838764
2024-10-28,6958.433446
2024-10-29,6946.101639
2024-10-30,6918.301992
2024-10-31,6812.649894
2024-11-01,6808.978997
2024-11-04,6820.679982
2024-11-05,6877.294272
2024-11-06,6898.019805
2024-11-07,6970.992432
2024-11-08,7025.462686
2024-11-11,7001.733252
2024-11-12,6952.909977
2024-11-13,6926.970008
2024-11-14,6918.124405
2024-11-15,6849.386251
2024-11-18,6852.477583
2024-11-19,6906.084308
2024-11-20,6893.50067
2024-11-21,6937.728413
2024-11-22,6956.406415
2024-11-25,6965.660362
2024-11-26,6977.885393
2024-11-27,6968.639825
2024-11-28,6975.18073
2024-11-29,7025.552365
2024-12-02,7017.822937
2024-12-03,7055.044706
2024-12-04,7112.703817
2024-12-05,7129.288721
2024-12-06,7111.977862
2024-12-09,7021.855971
2024-12-10,6943.229369
2024-12-11,6997.965669
2024-12-12,6977.305061
2024-12-13,6937.786797
2024-12-16,6947.233389
2024-12-17,6898.058698
2024-12-18,6737.634997
2024-12-19,6696.144083
2024-12-20,6761.879738
2024-12-23,6790.875872
2024-12-24,6838.253001
2024-12-25,6839.994398
2024-12-26,6837.571239
2024-12-27,6808.906268
2024-12-30,6747.667039
2024-12-31,6719.161578
2025-01-01,6719.161578
2025-01-02,6743.307997
2025-01-03,6810.907494
2025-01-06,6864.264187
2025-01-07,6812.961954
2025-01-08,6817.82782
2025-01-09,6811.454076
2025-01-10,6706.066891
2025-01-13,6667.865282
2025-01-14,6715.894912
2025-01-15,6830.527582
2025-01-16,6855.243079
2025-01-17,6909.882118
2025-01-20,6939.090465
2025-01-21,7013.53801
2025-01-22,7085.23049
2025-01-23,7131.016027
2025-01-24,7112.591973
2025-01-27,6893.466164
2025-01-28,6933.836549
2025-01-29,6941.635926
2025-01-30,7018.045415
2025-01-31,6968.794428
2025-02-03,6890.484347
2025-02-04,6924.510231
2025-02-05,7020.874704
2025-02-06,7046.490589
2025-02-07,7003.100953
2025-02-10,7031.043675
2025-02-11,7015.979613
2025-02-12,7006.322768
2025-02-13,7104.43017
2025-02-14,7133.260445
2025-02-17,7146.103906
2025-02-18,7176.971637
2025-02-19,7160.858678
2025-02-20,7107.119203
2025-02-21,6969.77963
2025-02-24,6924.210181
2025-02-25,6874.916526
2025-02-26,6925.187712
2025-02-27,6806.931551
2025-02-28,6866.945201
2025-03-03,6814.723048
2025-03-04,6707.65993
2025-03-05,6793.559097
2025-03-06,6678.35029
2025-03-07,6663.876663
2025-03-10,6479.822283
2025-03-11,6451.769932
2025-03-12,6530.337045
2025-03-13,6451.915658
2025-03-14,6585.099761
2025-03-17,6673.232391
2025-03-18,6620.127778
2025-03-19,6697.559611
2025-03-20,6687.833853
2025-03-21,6668.136378
2025-03-24,6768.98139
2025-03-25,6792.441428
2025-03-26,6705.401636
2025-03-27,6646.769946
2025-03-28,6559.614564
2025-03-31,6529.690433
2025-04-01,6601.667267
2025-04-02,6665.540654
2025-04-03,6419.060987
2025-04-04,6013.08578
2025-04-07,5881.07561
2025-04-08,5906.144032
2025-04-09,6254.43458
2025-04-10,6259.273112
2025-04-11,6330.511311
2025-04-14,6425.747384
2025-04-15,6487.247239
2025-04-16,6400.865907
2025-04-17,6417.362991
2025-04-18,6426.190497
2025-04-21,6342.217903
2025-04-22,6448.156954
2025-04-23,6556.775037
2025-04-24,6650.052872
2025-04-25,6701.992691
2025-04-28,6728.81569
2025-04-29,6757.447007
2025-04-30,6789.182857
2025-05-01,6816.466649
2025-05-02,6956.907147
2025-05-05,6942.040146
2025-05-06,6926.373824
2025-05-07,6967.755339
2025-05-08,6976.857581
2025-05-09,6986.56667
2025-05-12,7083.733181
2025-05-13,7176.820608
2025-05-14,7204.321309
2025-05-15,7210.037863
2025-05-16,7248.38922
2025-05-19,7288.921184
2025-05-20,7284.417444
2025-05-21,7211.632782
2025-05-22,7187.935921
2025-05-23,7192.028503
2025-05-26,7220.309852
2025-05-27,7312.903155
2025-05-28,7280.941945
2025-05-29,7317.124554
2025-05-30,7314.722036
2025-06-02,7381.284041
2025-06-03,7392.289886
2025-06-04,7414.769176
2025-06-05,7411.021375
2025-06-06,7424.822931
2025-06-09,7395.517989
2025-06-10,7362.160476
2025-06-11,7381.528561
2025-06-12,7421.428229
2025-06-13,7346.986328
2025-06-16,7422.434457
2025-06-17,7375.040466
2025-06-18,7366.697425
2025-06-19,7328.624431
2025-06-20,7336.543113
2025-06-23,7362.805344
2025-06-24,7479.066823
2025-06-25,7459.047043
2025-06-26,7529.285971
2025-06-27,7558.183232
2025-06-30,7627.294562
2025-07-01,7539.370126
2025-07-02,7511.167502
2025-07-03,7576.408739
2025-07-04,7576.349224
2025-07-07,7593.252406
2025-07-08,7548.325784
2025-07-09,7612.296825
2025-07-10,7567.35374
2025-07-11,7525.10256
2025-07-14,7575.601353
2025-07-15,7533.077064
2025-07-16,7547.381055
2025-07-17,7602.916848
2025-07-18,7620.064393
2025-07-21,7616.743845
2025-07-22,7579.086569
2025-07-23,7646.971143
2025-07-24,7678.005616
2025-07-25,7674.162232
2025-07-28,7634.1735
2025-07-29,7628.531868
2025-07-30,7643.485349
2025-07-31,7621.198598
2025-08-01,7551.683142
2025-08-04,7668.748382
2025-08-05,7670.474044
2025-08-06,7741.705658
2025-08-07,7769.161463
2025-08-08,7807.471136
2025-08-11,7787.228858
2025-08-12,7800.896025
2025-08-13,7820.087933
2025-08-14,7807.655325
2025-08-15,7815.762788
2025-08-18,7812.080326
2025-08-19,7747.316103
2025-08-20,7770.600941
2025-08-21,7743.682075
2025-08-22,7808.204888
2025-08-25,7765.563427
2025-08-26,7761.849014
2025-08-27,7740.78908
2025-08-28,7775.198014
2025-08-29,7738.359598
2025-09-01,7730.674756
2025-09-02,7657.693382
2025-09-03,7662.502569
2025-09-04,7721.625095
2025-09-05,7712.840208
